Submission id,Participant id,Status,Started at,Completed at,Reviewed at,Archived at,Time taken,Completion code,Total approvals,Fluent languages,Age,Sex,Ethnicity simplified,Country of birth,Country of residence,Nationality,Language,Student status,Employment status,Custom study tncs accepted at
6357a3ee24dc57c492fd1e0c,6152108e8c499f49ce051192,APPROVED,2022-10-25T08:53:07.664000Z,2022-10-25T09:26:15.670000Z,2022-10-25T09:26:16.187000Z,2022-10-25T09:26:16.107111Z,1989.0,C1KCG103,185,English,61,Male,White,United States,United States,United States,English,No,Other,
6357a4e5c09cfd51ef8a4aab,616625112409e9e6c32a82a7,APPROVED,2022-10-25T08:57:14.180000Z,2022-10-25T09:15:42.160000Z,2022-10-25T09:15:42.594000Z,2022-10-25T09:15:42.515578Z,1108.0,C1KCG103,56,"English, Italian, Spanish",18,Female,White,United States,United States,United States,Spanish,Yes,Unemployed (and job seeking),
6357a5ff9f0d5361ecebb0fe,5fb8b141a2e5dd63494c80f1,APPROVED,2022-10-25T09:01:54.430000Z,2022-10-25T09:28:44.486000Z,2022-10-25T09:28:45.074000Z,2022-10-25T09:28:45.253334Z,1611.0,C1KCG103,515,English,34,Female,White,United States,United States,United States,English,No,Unemployed (and job seeking),
6357b56873a86de055976d16,5dd4074feab0423daf012f92,APPROVED,2022-10-25T10:07:43.886000Z,2022-10-25T10:17:21.596000Z,2022-10-25T10:17:21.993000Z,2022-10-25T10:17:21.920189Z,578.0,C1KCG103,1458,English,25,Female,White,United States,United States,United States,English,No,Part-Time,
6357b60ab7ead37e252ff2f2,6096ee4ed5f41e6e17598ec9,APPROVED,2022-10-25T10:10:18.287000Z,2022-10-25T11:09:47.696000Z,2022-10-25T11:09:48.159000Z,2022-10-25T11:09:48.087787Z,3570.0,C1KCG103,1003,English,39,Male,Other,United States,United States,Mexico,English,No,Part-Time,
6357b712793323e8b6bc19d3,62b333311c9e52e3224b4cb2,APPROVED,2022-10-25T10:14:47.329000Z,2022-10-25T10:39:30.263000Z,2022-10-25T10:39:30.771000Z,2022-10-25T10:39:30.710592Z,1483.0,C1KCG103,551,English,61,Female,White,United States,United States,United States,English,No,"Not in paid work (e.g. homemaker', 'retired or disabled)",
6357b7681aa340e0e0976d56,60cefee15b44bd17785295f1,APPROVED,2022-10-25T10:16:28.974000Z,2022-10-25T10:33:55.315000Z,2022-10-25T10:33:55.790000Z,2022-10-25T10:33:55.713299Z,1047.0,C1KCG103,1103,"English, Korean",66,Male,Asian,Korea,United States,Korea,Korean,DATA_EXPIRED,DATA_EXPIRED,
6357b796793323e8b6bc19dc,627e6dad6595f6c2f2f00a1f,APPROVED,2022-10-25T10:16:54.716000Z,2022-10-25T10:39:35.674000Z,2022-10-25T10:39:36.209000Z,2022-10-25T10:39:36.145174Z,1361.0,C1KCG103,430,"English, Swedish",51,Female,White,Sweden,United States,Sweden,Swedish,No,Full-Time,
6357b7cc54f918e4e3708ffa,558a9729fdf99b6567d005ab,APPROVED,2022-10-25T10:17:51.437000Z,2022-10-25T10:38:55.324000Z,2022-10-25T10:38:56.319000Z,2022-10-25T10:38:55.798984Z,1264.0,C1KCG103,1423,"English, Spanish",39,Female,White,United States,United States,United States,English,No,Part-Time,
6357b8581b63f8ed45537fc4,5b5b715192d8320001510a11,APPROVED,2022-10-25T10:20:11.134000Z,2022-10-25T10:44:09.283000Z,2022-10-25T10:44:09.751000Z,2022-10-25T10:44:09.688605Z,1439.0,C1KCG103,917,English,48,Male,White,United States,United States,United States,English,No,Part-Time,
6357b86bdc7602ab610878c3,5d0ac7504d57690017a355ef,APPROVED,2022-10-25T10:20:30.310000Z,2022-10-25T10:46:22.047000Z,2022-10-25T10:46:22.511000Z,2022-10-25T10:46:22.455537Z,1552.0,C1KCG103,1857,English,38,Male,White,United States,United States,United States,English,No,Full-Time,
6357b89e23412f7ecbd28bc4,5d014ee7ab11d300013fadd8,APPROVED,2022-10-25T10:21:22.732000Z,2022-10-25T11:23:36.708000Z,2022-10-25T11:23:37.206000Z,2022-10-25T11:23:37.121844Z,3734.0,C1KCG103,75,"Spanish, English",21,Male,Other,United States,United States,United States,Spanish,DATA_EXPIRED,DATA_EXPIRED,
6357b8e75c7d57f4c23168c0,59cf062758b71700019882d4,APPROVED,2022-10-25T10:22:33.759000Z,2022-10-25T11:03:04.778000Z,2022-10-25T11:03:05.225000Z,2022-10-25T11:03:05.156912Z,2432.0,C1KCG103,1732,English,29,Female,White,United States,United States,United States,English,No,"Not in paid work (e.g. homemaker', 'retired or disabled)",
6357b903ebb8270cff709033,5d344bd3b0f315001a122275,APPROVED,2022-10-25T10:23:02.922000Z,2022-10-25T10:39:45.525000Z,2022-10-25T10:39:46.025000Z,2022-10-25T10:39:45.962725Z,1003.0,C1KCG103,2922,English,56,Female,White,United States,United States,United States,English,No,Part-Time,
6357b93294da2ddbb5976d58,6339e60ea0fabcf7177b504b,APPROVED,2022-10-25T10:23:49.130000Z,2022-10-25T11:03:48.588000Z,2022-10-25T11:03:49.024000Z,2022-10-25T11:03:48.964468Z,2400.0,C1KCG103,77,"English, Farsi",45,Male,White,Iran,United States,Iran,Farsi,No,DATA_EXPIRED,
6357b9d5413b6a4210788077,5c55b95b91c0ad0001cf86ab,APPROVED,2022-10-25T10:26:33.519000Z,2022-10-25T10:55:55.861000Z,2022-10-25T10:55:56.323000Z,2022-10-25T10:55:56.250042Z,1763.0,C1KCG103,2281,English,47,Male,White,United States,United States,United States,English,No,DATA_EXPIRED,
6357b9e0318ceff7251f3876,60b69129f584ee4e38acf2a0,APPROVED,2022-10-25T10:27:16.100000Z,2022-10-25T11:13:47.525000Z,2022-10-25T11:13:47.981000Z,2022-10-25T11:13:47.892355Z,2792.0,C1KCG103,1225,"English, Spanish",43,Male,Mixed,United States,United States,United States,English,No,DATA_EXPIRED,
6357ba097e7aa1c2e4db7ccd,57223b1c01ed330011374d93,APPROVED,2022-10-25T10:27:24.481000Z,2022-10-25T10:43:10.719000Z,2022-10-25T10:43:11.114000Z,2022-10-25T10:43:11.055670Z,947.0,C1KCG103,2422,English,63,Male,White,United States,United States,United States,English,No,DATA_EXPIRED,
6357ba3254f918e4e370901d,616ef680ab8ca318a227f5ec,APPROVED,2022-10-25T10:28:05.414000Z,2022-10-25T10:51:00.267000Z,2022-10-25T10:51:00.709000Z,2022-10-25T10:51:00.644684Z,1375.0,C1KCG103,642,English,57,Female,White,United States,United States,United States,English,DATA_EXPIRED,DATA_EXPIRED,
6357ba42d468e409b6192577,631ffc3584141f143567f021,APPROVED,2022-10-25T10:28:22.318000Z,2022-10-25T10:54:28.570000Z,2022-10-25T10:54:28.987000Z,2022-10-25T10:54:28.925784Z,1567.0,C1KCG103,39,English,21,Male,White,United States,United States,United States,English,No,Other,
6357ba5f5c273435af0b0aa2,5d847ac9be4b0b00188463d7,APPROVED,2022-10-25T10:28:50.281000Z,2022-10-25T10:52:05.487000Z,2022-10-25T10:52:06.021000Z,2022-10-25T10:52:05.953065Z,1396.0,C1KCG103,2254,English,25,Male,White,United States,United States,United States,English,No,Unemployed (and job seeking),
6357ba66413b6a4210788087,630d42ab004b0f34fcf4b52e,APPROVED,2022-10-25T10:29:00.373000Z,2022-10-25T10:45:15.408000Z,2022-10-25T10:45:15.863000Z,2022-10-25T10:45:15.792442Z,976.0,C1KCG103,21,English,37,Male,White,United States,United States,United States,English,No,Full-Time,
6357ba83bf5b127e6d5a49e5,628804d2d0584458ddaafc0c,APPROVED,2022-10-25T10:29:28.654000Z,2022-10-25T10:59:53.688000Z,2022-10-25T10:59:54.164000Z,2022-10-25T10:59:54.104673Z,1826.0,C1KCG103,158,English,34,Male,Black,United States,United States,United States,English,No,Full-Time,
6357bb65e8f5738e150878a4,58cbd0a55d42920001414dd3,APPROVED,2022-10-25T10:33:17.918000Z,2022-10-25T11:18:00.121000Z,2022-10-25T11:18:00.536000Z,2022-10-25T11:18:00.463280Z,2683.0,C1KCG103,1387,English,33,Male,White,United States,United States,United States,English,No,Unemployed (and job seeking),
6357bb6efd9d0d194478801e,60e9af9a43403df7e5194222,APPROVED,2022-10-25T10:33:22.242000Z,2022-10-25T11:08:16.594000Z,2022-10-25T11:08:16.994000Z,2022-10-25T11:08:16.922225Z,2095.0,C1KCG103,1611,English,34,Male,White,United States,United States,United States,English,No,Other,
6357bb72c841e7dd26652976,5f34511f59accc19bb769258,APPROVED,2022-10-25T10:33:25.686000Z,2022-10-25T11:01:43.061000Z,2022-10-25T11:01:43.525000Z,2022-10-25T11:01:43.453943Z,1698.0,C1KCG103,759,"English, Spanish",49,Female,White,Peru,United States,Peru,Spanish,No,Full-Time,
6357bb74c0040e80cdb21679,5ae5b7e26735bd0001d7dfe3,APPROVED,2022-10-25T10:33:24.022000Z,2022-10-25T11:07:44.338000Z,2022-10-25T11:07:49.810000Z,2022-10-25T11:07:44.737655Z,2061.0,C1KCG103,2094,"Spanish, English",39,Male,Other,United States,United States,United States,English,DATA_EXPIRED,DATA_EXPIRED,
6357bbaae87ee91cc284eee9,62cc9a938512898953c46e71,APPROVED,2022-10-25T10:34:22.374000Z,2022-10-25T10:51:17.289000Z,2022-10-25T10:51:20.159000Z,2022-10-25T10:51:20.090961Z,1015.0,C1KCG103,92,English,25,Male,Other,Romania,United States,United States,English,No,Full-Time,
6357bbd1ec824bc666f04421,55a43278fdf99b02ff6caf89,APPROVED,2022-10-25T10:41:09.766000Z,2022-10-25T11:13:21.027000Z,2022-10-25T11:13:21.429000Z,2022-10-25T11:13:21.361381Z,1932.0,C1KCG103,1292,English,36,Male,White,United States,United States,United States,English,No,DATA_EXPIRED,
6357bbd871d17a1268d1f727,60002c38af716201edc1763d,APPROVED,2022-10-25T10:35:10.712000Z,2022-10-25T11:12:38.889000Z,2022-10-25T11:12:39.363000Z,2022-10-25T11:12:39.293317Z,2249.0,C1KCG103,1280,English,66,Male,White,United States,United States,United States,English,DATA_EXPIRED,DATA_EXPIRED,
6357bbefcefc8da3ee5aa98f,5f4fd146ee39f70f490889c9,APPROVED,2022-10-25T10:35:27.535000Z,2022-10-25T10:47:59.752000Z,2022-10-25T10:48:00.168000Z,2022-10-25T10:48:00.107741Z,753.0,C1KCG103,1497,English,24,Male,White,United States,United States,United States,English,DATA_EXPIRED,DATA_EXPIRED,
6357bbf653ca1e2e1789e4f8,5ca3ccae7958d0001689df68,APPROVED,2022-10-25T10:37:03.905000Z,2022-10-25T11:05:41.860000Z,2022-10-25T11:05:43.043000Z,2022-10-25T11:05:42.977295Z,1718.0,C1KCG103,408,English,35,Female,Mixed,United States,United States,United States,English,No,Other,
6357bc4b981e8bb72ef19b29,5a5a507d76d1c60001ab2ac7,APPROVED,2022-10-25T10:37:04.703000Z,2022-10-25T11:17:15.343000Z,2022-10-25T11:17:15.802000Z,2022-10-25T11:17:15.733395Z,2411.0,C1KCG103,1685,English,62,Female,White,United States,United States,United States,English,No,"Not in paid work (e.g. homemaker', 'retired or disabled)",
6357bc7b0c00b130c3316879,5c01d3c509e9c70001500b10,APPROVED,2022-10-25T10:37:56.703000Z,2022-10-25T11:00:43.134000Z,2022-10-25T11:00:43.577000Z,2022-10-25T11:00:43.506871Z,1367.0,C1KCG103,1602,"English, Chinese",31,Female,Asian,United States,United States,United States,English,DATA_EXPIRED,DATA_EXPIRED,
6357bcf202f8383d981a13ba,5c0765e10ea1410001a9dc5f,APPROVED,2022-10-25T10:39:51.607000Z,2022-10-25T11:07:25.789000Z,2022-10-25T11:07:26.271000Z,2022-10-25T11:07:26.198106Z,1655.0,C1KCG103,1308,English,42,Male,White,United States,United States,United States,English,No,Full-Time,
6357bd1e3351ff5eb11db85b,5c473c74819d580001782651,APPROVED,2022-10-25T10:40:48.586000Z,2022-10-25T11:16:42.703000Z,2022-10-25T11:16:43.119000Z,2022-10-25T11:16:43.051504Z,2155.0,C1KCG103,814,English,43,Female,White,United States,United States,Germany,English,No,Full-Time,
6357bd1e59ec27c6a54e888a,5f744fb50bfbbd0a01cd5435,APPROVED,2022-10-25T10:40:33.851000Z,2022-10-25T10:58:53.351000Z,2022-10-25T10:58:53.869000Z,2022-10-25T10:58:53.809798Z,1100.0,C1KCG103,2619,English,47,Female,White,United States,United States,United States,English,No,"Not in paid work (e.g. homemaker', 'retired or disabled)",
6357bd2e99871e5ad85f00cf,5dcea7314d51e4107516c80d,APPROVED,2022-10-25T10:40:50.362000Z,2022-10-25T11:08:11.529000Z,2022-10-25T11:08:11.986000Z,2022-10-25T11:08:11.912427Z,1642.0,C1KCG103,3526,English,54,Female,White,United States,United States,United States,English,DATA_EXPIRED,"Not in paid work (e.g. homemaker', 'retired or disabled)",
6357bd38d2915e90b9bd5f74,5c365b5e8821900001b3876c,APPROVED,2022-10-25T10:40:59.513000Z,2022-10-25T10:57:41.793000Z,2022-10-25T10:57:42.196000Z,2022-10-25T10:57:42.114945Z,1003.0,C1KCG103,3347,English,62,Female,White,United States,United States,United States,English,No,"Not in paid work (e.g. homemaker', 'retired or disabled)",
6357bd5c8bdb144eb4c7d4d4,6342e1dec81e1cd2dbf925c7,APPROVED,2022-10-25T10:41:37.821000Z,2022-10-25T11:13:47.620000Z,2022-10-25T11:13:53.140000Z,2022-10-25T11:13:48.057968Z,1930.0,C1KCG103,99,English,59,Female,White,United States,United States,United States,English,No,DATA_EXPIRED,
6357bd6e54df6780f18e5ba3,62b077136224952ffd679d48,APPROVED,2022-10-25T10:41:53.538000Z,2022-10-25T10:52:24.877000Z,2022-10-25T10:52:25.265000Z,2022-10-25T10:52:25.203911Z,632.0,C1KCG103,653,English,44,Male,White,United States,United States,United States,English,No,Unemployed (and job seeking),
6357bd8c9e968230653b027e,6138af26127651134a88842c,APPROVED,2022-10-25T10:42:30.117000Z,2022-10-25T11:24:29.908000Z,2022-10-25T11:24:30.379000Z,2022-10-25T11:24:30.314771Z,2520.0,C1KCG103,1544,English,53,Female,White,United States,United States,United States,English,No,Full-Time,
6357bd9ecaad575978a48c36,6273e8b5fdcdaed810eca006,APPROVED,2022-10-25T10:42:41.707000Z,2022-10-25T11:00:57.205000Z,2022-10-25T11:00:57.693000Z,2022-10-25T11:00:57.612964Z,1096.0,C1KCG103,803,English,48,Female,White,United States,United States,United States,English,No,Full-Time,
6357bdb439cf54381240ba98,5d1a13a0ae692800192fa1c2,APPROVED,2022-10-25T10:43:03.874000Z,2022-10-25T11:04:12.402000Z,2022-10-25T11:04:12.860000Z,2022-10-25T11:04:12.802534Z,1269.0,C1KCG103,2509,English,65,Female,White,United States,United States,United States,English,No,"Not in paid work (e.g. homemaker', 'retired or disabled)",
6357be0f5f28858c0eb71528,62d41f427773d77f8bdb5b45,APPROVED,2022-10-25T10:47:40.532000Z,2022-10-25T11:09:06.947000Z,2022-10-25T11:09:07.369000Z,2022-10-25T11:09:07.292784Z,1287.0,C1KCG103,218,English,71,Female,White,United States,United States,United States,English,No,"Not in paid work (e.g. homemaker', 'retired or disabled)",
6357be115f28858c0eb71529,5ea624b32b24666209c18941,APPROVED,2022-10-25T10:44:33.638000Z,2022-10-25T11:11:15.725000Z,2022-10-25T11:11:16.196000Z,2022-10-25T11:11:16.127962Z,1603.0,C1KCG103,1141,"English, Hindi, Bengali",35,Male,DATA_EXPIRED,India,United States,DATA_EXPIRED,English,DATA_EXPIRED,DATA_EXPIRED,
6357be6bee057c8b7b2fd49b,5bacb6b9f2d97e0001c52a63,APPROVED,2022-10-25T10:46:03.686000Z,2022-10-25T11:05:58.868000Z,2022-10-25T11:05:59.334000Z,2022-10-25T11:05:59.264944Z,1196.0,C1KCG103,60,English,48,Male,White,United States,United States,United States,English,No,Other,
6357be848f8b5318d41db87f,63275a285d39ed53838654f1,APPROVED,2022-10-25T10:46:28.070000Z,2022-10-25T11:02:37.534000Z,2022-10-25T11:02:37.951000Z,2022-10-25T11:02:37.884569Z,970.0,C1KCG103,24,"English, Tagalog-Filipino",30,Male,Asian,Philippines,United States,Philippines,Tagalog-Filipino,No,Full-Time,
6357be95995b647a60ce5182,632a2413f4e2afd57e4c8d5d,APPROVED,2022-10-25T10:46:58.662000Z,2022-10-25T11:28:51.133000Z,2022-10-25T11:28:51.593000Z,2022-10-25T11:28:51.531115Z,2513.0,C1KCG103,59,English,24,Male,Mixed,United States,United States,United States,English,No,Unemployed (and job seeking),
6357bea0f66aed36555f00ff,633c6cb3c571bdca066ece6c,APPROVED,2022-10-25T10:46:59.417000Z,2022-10-25T11:18:00.987000Z,2022-10-25T11:18:01.659000Z,2022-10-25T11:18:01.588501Z,1862.0,C1KCG103,71,English,36,Male,White,United States,United States,United States,English,No,Unemployed (and job seeking),
6357bea521673aa927ed9b71,5be94f66a169160001dafb9d,APPROVED,2022-10-25T10:47:01.886000Z,2022-10-25T11:55:19.726000Z,2022-10-25T11:55:20.184000Z,2022-10-25T11:55:20.118004Z,4098.0,C1KCG103,430,English,32,Male,Black,United States,United States,United States,English,No,Part-Time,
6357bed5d78a860556b62306,5cf16a90201b8000170c7b3f,APPROVED,2022-10-25T10:49:48.512000Z,2022-10-25T11:06:52.239000Z,2022-10-25T11:06:52.685000Z,2022-10-25T11:06:52.623983Z,1024.0,C1KCG103,1339,"English, Tamil",37,Male,Asian,India,United States,India,Tamil,Yes,Unemployed (and job seeking),
6357bf62df58e1bc5e3513d9,5781c15381f331000139a89e,APPROVED,2022-10-25T10:50:14.996000Z,2022-10-25T11:07:44.223000Z,2022-10-25T11:07:44.681000Z,2022-10-25T11:07:44.602884Z,1050.0,C1KCG103,2342,English,34,Female,White,Germany,United States,United States,English,No,Full-Time,
6357bfa1f6fdf75006314262,58595b56a3149800011e156e,APPROVED,2022-10-25T10:51:18.731000Z,2022-10-25T11:08:36.788000Z,2022-10-25T11:08:38.014000Z,2022-10-25T11:08:37.471950Z,1039.0,C1KCG103,2187,English,51,Female,White,United States,United States,United States,English,No,Full-Time,
6357bfb8ec103906aaa8c55e,6151f8d17451289b4a59a6a8,APPROVED,2022-10-25T10:51:40.574000Z,2022-10-25T11:33:14.479000Z,2022-10-25T11:33:14.891000Z,2022-10-25T11:33:14.820158Z,2494.0,C1KCG103,1669,"English, German",81,Male,White,United States,United States,United States,English,No,"Not in paid work (e.g. homemaker', 'retired or disabled)",
6357bff8636df23c51314235,62fd76d3f0824c29d4b1e6bd,APPROVED,2022-10-25T10:52:47.573000Z,2022-10-25T11:12:07.149000Z,2022-10-25T11:12:07.633000Z,2022-10-25T11:12:07.561027Z,1160.0,C1KCG103,154,English,29,Male,White,United States,United States,United States,English,No,"Not in paid work (e.g. homemaker', 'retired or disabled)",
6357c01ed8cc0360443b02e5,633e6a1349fdb14001eee810,APPROVED,2022-10-25T10:53:23.095000Z,2022-10-25T11:37:59.816000Z,2022-10-25T11:38:00.258000Z,2022-10-25T11:38:00.188336Z,2677.0,C1KCG103,50,English,36,Male,White,United States,United States,United States,English,No,Full-Time,
6357c03c7f9164d1a0ed9b65,56f59251736c79000c2241f7,APPROVED,2022-10-25T11:00:37.188000Z,2022-10-25T11:37:17.164000Z,2022-10-25T11:37:17.627000Z,2022-10-25T11:37:17.565319Z,2200.0,C1KCG103,3374,English,32,Male,White,United States,United States,United States,English,No,DATA_EXPIRED,
6357c04b641b2534b01db882,60bc8860d04f4ac80d319a5c,APPROVED,2022-10-25T10:54:07.094000Z,2022-10-25T11:26:22.127000Z,2022-10-25T11:26:22.583000Z,2022-10-25T11:26:22.518075Z,1936.0,C1KCG103,2235,English,72,Male,White,United States,United States,United States,English,DATA_EXPIRED,DATA_EXPIRED,
6357c065ee057c8b7b2fd4dc,5fe76396a4feb05bf1629a6c,APPROVED,2022-10-25T10:54:33.190000Z,2022-10-25T11:14:16.570000Z,2022-10-25T11:14:16.958000Z,2022-10-25T11:14:16.890424Z,1184.0,C1KCG103,1656,"English, Spanish",27,Male,Other,United States,United States,United States,Spanish,No,"Not in paid work (e.g. homemaker', 'retired or disabled)",
6357c065f1c4beac29446d35,5c92870723bd7e001870138e,APPROVED,2022-10-25T10:54:36.410000Z,2022-10-25T11:27:11.002000Z,2022-10-25T11:27:12.572000Z,2022-10-25T11:27:12.718313Z,1955.0,C1KCG103,3171,English,78,Male,White,United States,United States,United States,English,DATA_EXPIRED,DATA_EXPIRED,
6357c07549046522682253e9,5652186a812a980012fe65ce,APPROVED,2022-10-25T10:54:46.870000Z,2022-10-25T11:22:20.050000Z,2022-10-25T11:22:20.476000Z,2022-10-25T11:22:20.411055Z,1654.0,C1KCG103,1206,"English, Italian",31,Female,White,United States,United States,United States,English,DATA_EXPIRED,Full-Time,
6357c0810e3b4bd88a4c7781,6138c06bd7d7f2b7720e7a27,APPROVED,2022-10-25T10:55:00.494000Z,2022-10-25T11:17:23.624000Z,2022-10-25T11:17:24.081000Z,2022-10-25T11:17:23.992808Z,1344.0,C1KCG103,963,English,27,Female,White,United States,United States,United States,English,DATA_EXPIRED,DATA_EXPIRED,
6357c09a298923d4b902255c,5ede3d2ef7c9f9068776c4d2,APPROVED,2022-10-25T10:55:25.161000Z,2022-10-25T11:29:24.501000Z,2022-10-25T11:29:25.161000Z,2022-10-25T11:29:25.096961Z,2040.0,C1KCG103,3081,"English, German",55,Male,White,Germany,United States,United States,German,No,Other,
6357c0ba3a3eb14f0ab7153b,60fdbd971aab70ac228ed016,APPROVED,2022-10-25T10:55:59.254000Z,2022-10-25T11:24:42.777000Z,2022-10-25T11:24:43.201000Z,2022-10-25T11:24:43.139248Z,1724.0,C1KCG103,1769,English,43,Female,DATA_EXPIRED,United States,United States,United States,English,Yes,DATA_EXPIRED,
6357c0cc5e320a9394ce5175,5fb3cb99e76cea00085d02c6,APPROVED,2022-10-25T10:56:16.354000Z,2022-10-25T11:20:45.060000Z,2022-10-25T11:20:45.516000Z,2022-10-25T11:20:45.455228Z,1469.0,C1KCG103,1616,English,70,Female,White,Germany,United States,United States,English,No,"Not in paid work (e.g. homemaker', 'retired or disabled)",
6357c0cd736a785a49d796dc,62bd2a704c56e669cce7ce56,APPROVED,2022-10-25T10:59:36.771000Z,2022-10-25T11:24:10.220000Z,2022-10-25T11:24:10.706000Z,2022-10-25T11:24:10.636034Z,1474.0,C1KCG103,726,English,32,Male,White,United States,United States,United States,English,No,Full-Time,
6357c0d45f28858c0eb7157d,6294cfd61f3aab0c3406c629,APPROVED,2022-10-25T10:56:24.386000Z,2022-10-25T11:18:52.676000Z,2022-10-25T11:18:53.242000Z,2022-10-25T11:18:53.174938Z,1349.0,C1KCG103,186,English,57,Male,White,United States,United States,United States,English,No,Full-Time,
6357c0ee8a7b77ad7e3394a7,5bdc40912b9e8d0001b9f781,APPROVED,2022-10-25T10:56:49.452000Z,2022-10-25T11:14:36.300000Z,2022-10-25T11:14:36.946000Z,2022-10-25T11:14:36.879561Z,1067.0,C1KCG103,369,English,26,Male,White,United States,United States,United States,English,No,Full-Time,
6357c0f8a97409fda04057f8,5dee72917309b950e5262f3a,APPROVED,2022-10-25T10:56:59.258000Z,2022-10-25T11:31:00.945000Z,2022-10-25T11:31:01.327000Z,2022-10-25T11:31:01.262928Z,2042.0,C1KCG103,2423,English,28,Male,White,United States,United States,United States,English,No,Full-Time,
6357c11c8cb13a7827351397,6152be1021c9ab590015a3e3,APPROVED,2022-10-25T10:57:35.667000Z,2022-10-25T11:21:04.002000Z,2022-10-25T11:21:04.423000Z,2022-10-25T11:21:04.346763Z,1409.0,C1KCG103,2091,English,32,Female,White,United States,United States,United States,English,No,Full-Time,
6357c1202c7cec7c3d2d2b2e,58cbd23d5d42920001414dd8,APPROVED,2022-10-25T10:57:41.355000Z,2022-10-25T11:08:55.944000Z,2022-10-25T11:08:56.760000Z,2022-10-25T11:08:56.675643Z,675.0,C1KCG103,4161,English,55,Male,White,United States,United States,United States,English,No,Full-Time,
6357c128ac38d8860cd47ac0,60a2b9a6ad671cebb06f2b0d,APPROVED,2022-10-25T10:57:51.042000Z,2022-10-25T11:26:47.916000Z,2022-10-25T11:26:48.494000Z,2022-10-25T11:26:48.430865Z,1737.0,C1KCG103,2287,English,93,Female,White,United States,United States,United States,English,No,DATA_EXPIRED,
6357c131dc2f3b6285dd9122,5e2d96d3bc554937d1b3917a,APPROVED,2022-10-25T10:57:55.654000Z,2022-10-25T11:18:13.442000Z,2022-10-25T11:18:13.862000Z,2022-10-25T11:18:13.784724Z,1218.0,C1KCG103,2511,English,65,Male,White,United States,United States,United States,English,DATA_EXPIRED,DATA_EXPIRED,
6357c1334d504798fa0eee13,60cf382898b50ef89e5efab3,APPROVED,2022-10-25T10:57:58.857000Z,2022-10-25T11:18:28.356000Z,2022-10-25T11:18:28.831000Z,2022-10-25T11:18:28.752690Z,1230.0,C1KCG103,1818,English,34,Male,White,United States,United States,United States,English,No,Full-Time,
6357c1559a7a3dc069a8c553,5c61ab19776b38000156cc95,APPROVED,2022-10-25T10:58:33.631000Z,2022-10-25T11:26:35.470000Z,2022-10-25T11:26:35.853000Z,2022-10-25T11:26:35.794912Z,1682.0,C1KCG103,1912,English,43,Female,White,United States,United States,United States,English,No,Full-Time,
6357c15da68791bb9822a069,5f88877885e51d02acd71b12,APPROVED,2022-10-25T11:05:01.343000Z,2022-10-25T11:39:15.627000Z,2022-10-25T11:39:16.001000Z,2022-10-25T11:39:15.937713Z,2055.0,C1KCG103,1324,English,32,Female,Black,United States,United States,United States,English,DATA_EXPIRED,DATA_EXPIRED,
6357c160bd47473a629d8ce7,5aa637861eda41000136d5d2,APPROVED,2022-10-25T10:58:53.794000Z,2022-10-25T11:38:45.588000Z,2022-10-25T11:38:51.134000Z,2022-10-25T11:38:46.054265Z,2392.0,C1KCG103,1719,English,32,Male,Other,United States,United States,United States,English,No,Part-Time,
6357c1660cccf1b247fb9072,5ebb96b6cd673a0008ace9ce,APPROVED,2022-10-25T11:04:42.614000Z,2022-10-25T11:25:42.797000Z,2022-10-25T11:25:43.192000Z,2022-10-25T11:25:43.132025Z,1261.0,C1KCG103,2861,English,25,Male,Asian,United States,United States,United States,Bengali,Yes,Other,
6357c18939cf54381240bae7,579f1d3bc9abeb0001af52d8,APPROVED,2022-10-25T11:00:01.356000Z,2022-10-25T11:24:01.010000Z,2022-10-25T11:24:01.490000Z,2022-10-25T11:24:01.409162Z,1440.0,C1KCG103,3233,English,40,Male,Black,United States,United States,United States,English,No,DATA_EXPIRED,
6357c18d68ab91ea4276df40,565e0169998e44000a4bdab1,APPROVED,2022-10-25T10:59:41.566000Z,2022-10-25T11:25:21.280000Z,2022-10-25T11:25:26.693000Z,2022-10-25T11:25:21.610226Z,1540.0,C1KCG103,2001,English,41,Male,White,United States,United States,United States,English,No,Full-Time,
6357c1962c7cec7c3d2d2b37,57d70b2247180e0001f100e3,APPROVED,2022-10-25T10:59:37.037000Z,2022-10-25T11:20:42.321000Z,2022-10-25T11:20:42.784000Z,2022-10-25T11:20:42.721273Z,1266.0,C1KCG103,2479,English,40,Male,White,United States,United States,United States,English,No,DATA_EXPIRED,
6357c1a7c4426b098dbd5fbc,606b6705399a272af8238dad,APPROVED,2022-10-25T11:00:01.600000Z,2022-10-25T11:13:54.237000Z,2022-10-25T11:13:54.692000Z,2022-10-25T11:13:54.612747Z,833.0,C1KCG103,425,"English, Swedish",53,Female,White,Sweden,United States,Sweden,Swedish,No,Part-Time,
6357c1ad41ddb3588597a1dd,5d58b018a0c0940001a47057,APPROVED,2022-10-25T11:00:03.457000Z,2022-10-25T11:28:03.108000Z,2022-10-25T11:28:03.567000Z,2022-10-25T11:28:03.492662Z,1680.0,C1KCG103,1006,English,48,Female,White,United States,United States,United States,English,No,Part-Time,
6357c1b43351ff5eb11db8a1,608437f0b139060610c9f0c1,APPROVED,2022-10-25T11:00:09.419000Z,2022-10-25T11:30:53.201000Z,2022-10-25T11:30:53.620000Z,2022-10-25T11:30:53.552535Z,1844.0,C1KCG103,1476,English,76,Female,White,United States,United States,United States,English,No,DATA_EXPIRED,
6357c1bb27150a63cc7b3de5,5edceace34669404354ab615,APPROVED,2022-10-25T11:00:15.860000Z,2022-10-25T11:33:47.020000Z,2022-10-25T11:33:47.479000Z,2022-10-25T11:33:47.407975Z,2012.0,C1KCG103,2351,English,47,Female,Mixed,United States,United States,United States,English,No,Full-Time,
6357c1d63351ff5eb11db8a6,63268e60fbfb9c73671faa37,APPROVED,2022-10-25T11:00:38.286000Z,2022-10-25T11:22:06.884000Z,2022-10-25T11:22:07.358000Z,2022-10-25T11:22:07.287070Z,1289.0,C1KCG103,161,English,19,Male,Asian,United States,United States,United States,English,Yes,Other,
6357c1df5e320a9394ce5187,559c1e28fdf99b2189ee807d,APPROVED,2022-10-25T11:01:00.461000Z,2022-10-25T11:27:04.764000Z,2022-10-25T11:27:05.313000Z,2022-10-25T11:27:05.243276Z,1565.0,C1KCG103,791,English,54,Female,White,United States,United States,United States,English,No,DATA_EXPIRED,
6357c1ea298ab3617c150e67,5d8a1d20d1afcb0019d7390b,APPROVED,2022-10-25T11:01:02.277000Z,2022-10-25T11:22:23.903000Z,2022-10-25T11:22:24.305000Z,2022-10-25T11:22:24.229001Z,1282.0,C1KCG103,3970,English,71,Male,White,United States,United States,United States,English,No,Part-Time,
6357c21c156eb179a922a072,6051536b3e81428095504b35,APPROVED,2022-10-25T11:02:06.076000Z,2022-10-25T11:34:32.998000Z,2022-10-25T11:34:33.407000Z,2022-10-25T11:34:33.334479Z,1947.0,C1KCG103,2774,English,63,Male,White,United States,United States,United States,English,No,"Not in paid work (e.g. homemaker', 'retired or disabled)",
6357c231298923d4b902258e,63445f4375dd2cc3f3c0e399,APPROVED,2022-10-25T11:02:15.038000Z,2022-10-25T11:17:47.284000Z,2022-10-25T11:17:47.801000Z,2022-10-25T11:17:47.726676Z,933.0,C1KCG103,25,English,47,Male,Black,United States,United States,United States,English,DATA_EXPIRED,DATA_EXPIRED,
6357c234672d947cd9b7154a,5f77b243c99f31316e4cae58,APPROVED,2022-10-25T11:03:01.916000Z,2022-10-25T11:31:13.043000Z,2022-10-25T11:31:13.489000Z,2022-10-25T11:31:13.417502Z,1692.0,C1KCG103,1245,English,56,Male,Black,Nigeria,United States,Nigeria,English,No,Full-Time,
6357c238cf970b3dd9339494,5ed8cf4782a6eb04ddf9962d,APPROVED,2022-10-25T11:04:53.173000Z,2022-10-25T11:29:48.686000Z,2022-10-25T11:29:49.206000Z,2022-10-25T11:29:49.122633Z,1496.0,C1KCG103,1961,"English, Hungarian",28,Male,White,Hungary,United States,Hungary,Hungarian,Yes,Full-Time,
6357c246c4426b098dbd5fcb,5f595581b4984119febb85d0,APPROVED,2022-10-25T11:02:34.263000Z,2022-10-25T11:22:12.666000Z,2022-10-25T11:22:13.094000Z,2022-10-25T11:22:13.012418Z,1179.0,C1KCG103,333,English,32,Male,White,United States,United States,United States,English,Yes,DATA_EXPIRED,
6357c24c93055c3a667b3e13,59a1ddac5dfd6b000152601f,APPROVED,2022-10-25T11:02:36.143000Z,2022-10-25T11:38:11.992000Z,2022-10-25T11:38:14.771000Z,2022-10-25T11:38:12.403919Z,2136.0,C1KCG103,1064,English,35,Male,White,United States,United States,United States,English,DATA_EXPIRED,DATA_EXPIRED,
6357c267cafa4a549292a5dc,602c5fd808e6c3528a8ba43b,APPROVED,2022-10-25T11:03:03.871000Z,2022-10-25T11:54:06.134000Z,2022-10-25T11:54:06.601000Z,2022-10-25T11:54:06.532378Z,3063.0,C1KCG103,1120,English,22,Male,Asian,United States,United States,United States,English,DATA_EXPIRED,DATA_EXPIRED,
6357c298ae026619eedd90ff,5ea47210b166de41ed7b1d92,APPROVED,2022-10-25T11:04:17.284000Z,2022-10-25T11:33:00.853000Z,2022-10-25T11:33:01.642000Z,2022-10-25T11:33:01.576080Z,1724.0,C1KCG103,999,English,35,Female,White,United States,United States,United States,English,No,DATA_EXPIRED,
6357c29e3a59f0ebac2fd4bb,5ee150a384b8a1164fef6273,APPROVED,2022-10-25T11:03:58.227000Z,2022-10-25T11:20:29.123000Z,2022-10-25T11:20:29.620000Z,2022-10-25T11:20:29.555501Z,991.0,C1KCG103,784,English,25,Male,Asian,United States,United States,United States,English,Yes,Other,
6357c2c9648b5f50b06972c2,5eb29a3db97d6b0008d24a1a,APPROVED,2022-10-25T11:04:41.985000Z,2022-10-25T11:24:17.970000Z,2022-10-25T11:24:18.430000Z,2022-10-25T11:24:18.364942Z,1176.0,C1KCG103,2893,English,45,Male,White,United States,United States,United States,English,No,DATA_EXPIRED,
6357c2cfbdd63f961531423d,578b5756160201000103fe40,APPROVED,2022-10-25T11:04:47.580000Z,2022-10-25T11:20:47.485000Z,2022-10-25T11:20:47.948000Z,2022-10-25T11:20:47.861191Z,960.0,C1KCG103,1596,English,27,Male,Other,United States,United States,United States,English,No,"Not in paid work (e.g. homemaker', 'retired or disabled)",
6357c2dc1666dccf528cf169,5d163b2c601cd7000172713c,APPROVED,2022-10-25T11:05:02.992000Z,2022-10-25T11:13:36.985000Z,2022-10-25T11:13:37.378000Z,2022-10-25T11:13:37.307921Z,514.0,C1KCG103,1229,"English, Spanish, Japanese",29,Male,White,United States,United States,United States,English,No,Full-Time,
6357c2e1a31c7a0e172d2b8f,5e12b8f31e2e589287ce63ae,APPROVED,2022-10-25T11:05:10.058000Z,2022-10-25T11:30:59.704000Z,2022-10-25T11:31:00.177000Z,2022-10-25T11:31:00.107902Z,1550.0,C1KCG103,1424,English,39,Female,Mixed,United States,United States,United States,English,No,DATA_EXPIRED,
6357c2e568ce984732314209,62fc68b4f44b013950b67b11,APPROVED,2022-10-25T11:05:13.855000Z,2022-10-25T11:28:54.682000Z,2022-10-25T11:28:55.153000Z,2022-10-25T11:28:55.087019Z,1421.0,C1KCG103,207,English,29,Male,White,United States,United States,United States,English,No,Unemployed (and job seeking),
6357c2eada207695b7acd5e6,5e46d70ab1f1c5000d96800d,APPROVED,2022-10-25T11:05:59.783000Z,2022-10-25T11:27:55.551000Z,2022-10-25T11:27:56.012000Z,2022-10-25T11:27:55.940723Z,1316.0,C1KCG103,2668,English,37,Male,Black,United States,United States,United States,English,DATA_EXPIRED,DATA_EXPIRED,
6357c30090d2195c1f258099,631ab96a9f27876b9e4fe4c0,APPROVED,2022-10-25T11:06:23.942000Z,2022-10-25T11:39:10.243000Z,2022-10-25T11:39:10.709000Z,2022-10-25T11:39:10.623241Z,1967.0,C1KCG103,141,English,21,Male,White,United States,United States,Lebanon,English,Yes,"Not in paid work (e.g. homemaker', 'retired or disabled)",
6357c30ac0ccbe20d3a2126e,5d42abf3c9acd700010c41df,APPROVED,2022-10-25T11:05:51.751000Z,2022-10-25T11:27:57.928000Z,2022-10-25T11:27:58.481000Z,2022-10-25T11:27:58.405524Z,1327.0,C1KCG103,75,English,27,Male,White,United States,United States,United States,English,No,Unemployed (and job seeking),
6357c30e6b906557797bf7a0,5e4e844553bc702cdf68404d,APPROVED,2022-10-25T11:06:04.677000Z,2022-10-25T12:03:11.240000Z,2022-10-25T12:03:11.684000Z,2022-10-25T12:03:11.613073Z,3427.0,C1KCG103,2462,English,23,Female,Black,United States,United States,United States,English,No,Unemployed (and job seeking),
6357c31ece091914d1351396,62e19208352cd518d7b2f085,APPROVED,2022-10-25T11:06:08.567000Z,2022-10-25T11:34:32.478000Z,2022-10-25T11:34:32.927000Z,2022-10-25T11:34:32.847548Z,1704.0,C1KCG103,29,English,33,Male,White,United States,United States,United States,English,No,Full-Time,
6357c3247a73286a5c8cf153,5ec6747917fbef0476a0841a,APPROVED,2022-10-25T11:06:20.862000Z,2022-10-25T11:37:14.292000Z,2022-10-25T11:37:14.783000Z,2022-10-25T11:37:14.699591Z,1854.0,C1KCG103,508,English,39,Female,Asian,Bangladesh,United States,United States,English,DATA_EXPIRED,DATA_EXPIRED,
6357c3284ae517edb12c466f,629e10b026e724f64a2ad298,APPROVED,2022-10-25T11:06:20.244000Z,2022-10-25T11:18:45.964000Z,2022-10-25T11:18:46.451000Z,2022-10-25T11:18:46.377627Z,746.0,C1KCG103,392,English,37,Male,White,United States,United States,United States,English,No,Full-Time,
6357c3368c57fd0b4d950002,60a51f35a0db48f89d6f3a72,APPROVED,2022-10-25T11:06:36.040000Z,2022-10-25T11:28:33.721000Z,2022-10-25T11:28:34.253000Z,2022-10-25T11:28:34.190710Z,1318.0,C1KCG103,1817,English,62,Male,White,United States,United States,United States,English,No,Full-Time,
6357c3383fa06ba883b62330,5ee3c01c7247c006e9a3f4fd,APPROVED,2022-10-25T11:06:33.973000Z,2022-10-25T11:26:54.767000Z,2022-10-25T11:26:55.172000Z,2022-10-25T11:26:55.107838Z,1221.0,C1KCG103,2945,English,57,Female,White,United States,United States,United States,English,No,Full-Time,
6357c338f4c20f7fc6fb9052,6333dafae0a6b172dd2bd2af,APPROVED,2022-10-25T11:06:53.986000Z,2022-10-25T11:26:28.008000Z,2022-10-25T11:26:28.473000Z,2022-10-25T11:26:28.410593Z,1175.0,C1KCG103,67,English,32,Male,White,United States,United States,United States,English,No,Unemployed (and job seeking),
6357c342d6fff3ec0e4c7750,55ad7888fdf99b6eff50171d,APPROVED,2022-10-25T11:06:44.277000Z,2022-10-25T11:32:33.586000Z,2022-10-25T11:32:33.981000Z,2022-10-25T11:32:33.918873Z,1550.0,C1KCG103,1363,English,62,Female,White,United States,United States,United States,English,DATA_EXPIRED,DATA_EXPIRED,
6357c3443fa06ba883b62332,611bdd47a9106eec54fe635e,APPROVED,2022-10-25T11:07:39.950000Z,2022-10-25T11:28:16.545000Z,2022-10-25T11:28:17.017000Z,2022-10-25T11:28:16.934513Z,1237.0,C1KCG103,475,English,29,Female,White,United States,United States,United States,English,DATA_EXPIRED,DATA_EXPIRED,
6357c34e212c5163f576df50,60340350f3a89b1a9724416e,APPROVED,2022-10-25T11:07:04.050000Z,2022-10-25T11:23:32.345000Z,2022-10-25T11:23:32.772000Z,2022-10-25T11:23:32.698662Z,989.0,C1KCG103,1,English,33,Male,White,United States,United States,United States,English,No,Part-Time,
6357c362b64f27f333da2e04,632fa9e40fa5b8393ed87659,APPROVED,2022-10-25T11:07:19.344000Z,2022-10-25T11:37:53.157000Z,2022-10-25T11:37:53.663000Z,2022-10-25T11:37:53.573003Z,1834.0,C1KCG103,77,English,60,Female,White,United States,United States,United States,English,No,Full-Time,
6357c38863845bb44897a244,6282575ebe32fdc6268babc8,APPROVED,2022-10-25T11:07:55.545000Z,2022-10-25T11:26:51.262000Z,2022-10-25T11:26:51.728000Z,2022-10-25T11:26:51.664163Z,1136.0,C1KCG103,950,English,50,Female,White,United States,United States,United States,English,No,Unemployed (and job seeking),
6357c38c3a59f0ebac2fd4ce,5a2adf6a8e00a000019864fb,APPROVED,2022-10-25T11:07:59.191000Z,2022-10-25T11:21:37.775000Z,2022-10-25T11:21:38.233000Z,2022-10-25T11:21:38.163900Z,819.0,C1KCG103,1457,English,39,Male,White,United States,United States,United States,English,DATA_EXPIRED,DATA_EXPIRED,
6357c39377c04580d9150e8f,62e7357284e65421d8f8b10f,APPROVED,2022-10-25T11:08:07.306000Z,2022-10-25T11:24:25.804000Z,2022-10-25T11:24:26.271000Z,2022-10-25T11:24:26.207089Z,979.0,C1KCG103,314,"Dutch, English",64,Male,White,Netherlands,United States,Netherlands,Dutch,No,Full-Time,
6357c39ebafaa44d4725809f,60b9246549c99480c6930d0e,APPROVED,2022-10-25T11:08:53.716000Z,2022-10-25T12:00:56.047000Z,2022-10-25T12:00:56.474000Z,2022-10-25T12:00:56.395265Z,3123.0,C1KCG103,714,English,38,Male,Black,Nigeria,United States,Nigeria,English,No,Part-Time,
6357c3c4cec361888f6a816b,61672728d4ad3f70cc6a0199,APPROVED,2022-10-25T11:08:55.615000Z,2022-10-25T11:30:04.183000Z,2022-10-25T11:30:04.708000Z,2022-10-25T11:30:04.639671Z,1269.0,C1KCG103,618,English,20,Female,Asian,United States,United States,United States,English,No,Part-Time,
6357c3e4ede04c41244d8a24,5c1021a547d07800011a23de,APPROVED,2022-10-25T11:09:28.530000Z,2022-10-25T11:32:12.044000Z,2022-10-25T11:32:12.437000Z,2022-10-25T11:32:12.359742Z,1364.0,C1KCG103,2987,English,64,Female,White,United States,United States,United States,English,No,Other,
6357c3e5ae0b6a99954d8a2a,5e74e1df5ae15103a51a1ee8,APPROVED,2022-10-25T11:09:29.637000Z,2022-10-25T11:25:20.863000Z,2022-10-25T11:25:23.380000Z,2022-10-25T11:25:21.208733Z,952.0,C1KCG103,583,English,34,Male,Other,United States,United States,United States,English,No,Full-Time,
6357c4033829a8263753717e,632aaef27780d596dc7e0a9f,APPROVED,2022-10-25T11:10:02.748000Z,2022-10-25T11:59:10.993000Z,2022-10-25T11:59:11.441000Z,2022-10-25T11:59:11.370921Z,2949.0,C1KCG103,99,English,37,Male,Black,United States,United States,United States,English,No,Full-Time,
6357c40b897a8ff0abd62d92,62beeb6f3c569e8e13b76dea,APPROVED,2022-10-25T11:10:07.219000Z,2022-10-25T11:33:50.729000Z,2022-10-25T11:33:51.179000Z,2022-10-25T11:33:51.093620Z,1424.0,C1KCG103,664,English,40,Male,White,United States,United States,United States,English,Yes,Full-Time,
6357c40eab6728cff8209a36,5d305152b2cfe00019231a2a,APPROVED,2022-10-25T11:11:55.141000Z,2022-10-25T11:32:21.690000Z,2022-10-25T11:32:22.171000Z,2022-10-25T11:32:22.100427Z,1227.0,C1KCG103,1135,English,30,Male,White,United States,United States,United States,English,DATA_EXPIRED,DATA_EXPIRED,
6357c4163bd83aa2f2aac687,56b4b565b2de2a000d3316ba,APPROVED,2022-10-25T11:10:14.198000Z,2022-10-25T11:24:23.829000Z,2022-10-25T11:24:24.191000Z,2022-10-25T11:24:24.126815Z,850.0,C1KCG103,1268,English,32,Female,White,United States,United States,United States,English,No,"Not in paid work (e.g. homemaker', 'retired or disabled)",
6357c4324a762ccd1cea25d1,5ee642c9f5cb343a58b1ef13,APPROVED,2022-10-25T11:10:45.369000Z,2022-10-25T11:28:35.228000Z,2022-10-25T11:28:35.640000Z,2022-10-25T11:28:35.570680Z,1070.0,C1KCG103,2470,English,41,Male,White,United States,United States,United States,English,DATA_EXPIRED,DATA_EXPIRED,
6357c4343739d323e75ecbec,5e68acbc938d3214ff65c299,APPROVED,2022-10-25T11:10:51.956000Z,2022-10-25T11:30:25.774000Z,2022-10-25T11:30:31.246000Z,2022-10-25T11:30:26.154965Z,1174.0,C1KCG103,920,English,42,Male,White,United States,United States,United States,English,DATA_EXPIRED,Unemployed (and job seeking),
6357c45b99eabda19ed6249b,62686c6e90a0f6fe0a6c646a,APPROVED,2022-10-25T11:11:26.039000Z,2022-10-25T11:45:26.136000Z,2022-10-25T11:45:26.664000Z,2022-10-25T11:45:26.598432Z,2041.0,C1KCG103,1111,English,52,Male,White,United States,United States,United States,English,No,DATA_EXPIRED,
6357c466bb98bc04dd2eebbb,5ef3832ddd7d5a0f19b24f20,APPROVED,2022-10-25T11:11:38.155000Z,2022-10-25T11:25:03.439000Z,2022-10-25T11:25:03.926000Z,2022-10-25T11:25:03.862030Z,806.0,C1KCG103,707,"English, Japanese, Spanish",35,Male,White,Chile,United States,Chile,Spanish,Yes,Full-Time,
6357c46db008f06f35a0b85c,5c3c7913b4f22c0001a0809c,APPROVED,2022-10-25T11:11:46.149000Z,2022-10-25T11:27:26.656000Z,2022-10-25T11:27:27.141000Z,2022-10-25T11:27:27.076837Z,941.0,C1KCG103,4338,English,69,Male,White,United States,United States,United States,English,No,Full-Time,
6357c470f613388287d62d9e,5e7909d956b26e4aba9a460b,APPROVED,2022-10-25T11:11:49.582000Z,2022-10-25T11:38:45.327000Z,2022-10-25T11:38:45.879000Z,2022-10-25T11:38:45.810272Z,1616.0,C1KCG103,3307,English,50,Male,White,United States,United States,United States,English,Yes,Full-Time,
6357c482c71c4c27b283c097,5dcf4136cf8e7e086ea019e4,APPROVED,2022-10-25T11:12:08.757000Z,2022-10-25T11:35:23.371000Z,2022-10-25T11:35:23.792000Z,2022-10-25T11:35:23.723121Z,1395.0,C1KCG103,3283,English,55,Female,White,United States,United States,United States,English,No,Other,
6357c48cab6728cff8209a5b,598e325033481c000164d2aa,APPROVED,2022-10-25T11:12:15.157000Z,2022-10-25T11:30:22.216000Z,2022-10-25T11:30:22.628000Z,2022-10-25T11:30:22.562777Z,1088.0,C1KCG103,1423,English,59,Female,White,United States,United States,United States,English,No,Full-Time,
6357c4a9d423af3a278a0f51,60c7af606ba051b42a91d3ff,APPROVED,2022-10-25T11:13:07.645000Z,2022-10-25T11:33:27.382000Z,2022-10-25T11:33:27.865000Z,2022-10-25T11:33:27.797201Z,1220.0,C1KCG103,2315,English,53,Male,White,United States,United States,United States,English,No,Full-Time,
6357c4be0fd30401a61dfe65,5c395df5f5ebd50001850900,APPROVED,2022-10-25T11:14:45.023000Z,2022-10-25T11:33:11.520000Z,2022-10-25T11:33:11.990000Z,2022-10-25T11:33:11.913774Z,1107.0,C1KCG103,3226,"Chinese, English",27,Male,Asian,United States,United States,United States,Chinese,Yes,Part-Time,
6357c4c214c1d31c62408c3f,5e837e917441520b9c662931,APPROVED,2022-10-25T11:13:12.025000Z,2022-10-25T11:58:54.327000Z,2022-10-25T11:58:54.811000Z,2022-10-25T11:58:54.739456Z,2743.0,C1KCG103,1507,"Spanish, English",42,Female,Other,DATA_EXPIRED,United States,United States,Spanish,DATA_EXPIRED,DATA_EXPIRED,
6357c4f8e4235435fa7c7e9d,632455db996b9d9f99cb0f44,APPROVED,2022-10-25T11:18:24.602000Z,2022-10-25T11:54:37.646000Z,2022-10-25T11:54:38.047000Z,2022-10-25T11:54:37.975053Z,2174.0,C1KCG103,127,English,39,Male,White,United States,United States,United States,English,Yes,Full-Time,
6357c506408ff295189c07ce,5e94fc39cc318836529fd876,APPROVED,2022-10-25T11:14:19.955000Z,2022-10-25T11:32:22.766000Z,2022-10-25T11:32:23.939000Z,2022-10-25T11:32:23.871175Z,1083.0,C1KCG103,983,English,44,Female,White,United States,United States,United States,English,No,Part-Time,
6357c5085481b2bd56906648,6336cc276aa0d8c7ca48c95d,APPROVED,2022-10-25T11:19:38.285000Z,2022-10-25T11:37:52.869000Z,2022-10-25T11:37:53.322000Z,2022-10-25T11:37:53.246880Z,1095.0,C1KCG103,102,"English, French, Turkish",23,Male,White,Turkey,United States,Turkey,English,Yes,Full-Time,
6357c50cc79f9b8cfbc513aa,5a9262251eda410001360b2c,APPROVED,2022-10-25T11:14:20.872000Z,2022-10-25T11:54:36.780000Z,2022-10-25T11:54:37.241000Z,2022-10-25T11:54:37.164232Z,2416.0,C1KCG103,3237,English,39,Female,Mixed,United States,United States,United States,English,No,Part-Time,
6357c518c67b2cd82f209a43,5acb7b0ae1099600016acdd6,APPROVED,2022-10-25T11:14:35.788000Z,2022-10-25T11:35:17.541000Z,2022-10-25T11:35:17.936000Z,2022-10-25T11:35:17.867524Z,1242.0,C1KCG103,3265,English,45,Male,White,United States,United States,United States,English,No,Full-Time,
6357c521cec361888f6a81aa,61016a44fcaae5d80977fa72,APPROVED,2022-10-25T11:14:45.614000Z,2022-10-25T11:36:59.397000Z,2022-10-25T11:36:59.795000Z,2022-10-25T11:36:59.727131Z,1334.0,C1KCG103,830,English,23,Female,White,United States,United States,United States,English,DATA_EXPIRED,"Not in paid work (e.g. homemaker', 'retired or disabled)",
6357c5257456334d289c07c7,609e28fc803b1238af34d1c4,APPROVED,2022-10-25T11:14:53.614000Z,2022-10-25T12:24:46.020000Z,2022-10-25T12:24:46.509000Z,2022-10-25T12:24:46.434154Z,4193.0,C1KCG103,1354,English,43,Male,White,United States,United States,United States,English,No,Full-Time,
6357c5277252d739c8d624b6,60cdbe2390c033540fad1177,APPROVED,2022-10-25T11:14:52.502000Z,2022-10-25T11:39:36.763000Z,2022-10-25T11:39:37.199000Z,2022-10-25T11:39:37.124058Z,1485.0,C1KCG103,916,English,40,Male,White,United States,United States,United States,English,DATA_EXPIRED,DATA_EXPIRED,
6357c5321c95862a3b8a0f68,5c110067753adc00015913e3,APPROVED,2022-10-25T11:15:03.196000Z,2022-10-25T11:47:29.665000Z,2022-10-25T11:47:31.510000Z,2022-10-25T11:47:31.450382Z,1947.0,C1KCG103,251,English,54,Female,White,United States,United States,United States,English,No,Other,
6357c53d8b18233869a0b84f,63106ea4e8fe9c6cd32bf358,APPROVED,2022-10-25T11:15:09.850000Z,2022-10-25T11:28:00.429000Z,2022-10-25T11:28:01.400000Z,2022-10-25T11:28:01.328937Z,771.0,C1KCG103,297,English,27,Male,Mixed,United States,United States,United States,English,No,DATA_EXPIRED,
6357c550cbbf074a442a9e3b,5bb101078f3bd70001e51bfe,APPROVED,2022-10-25T11:15:33.129000Z,2022-10-25T11:29:28.743000Z,2022-10-25T11:29:29.215000Z,2022-10-25T11:29:29.149435Z,836.0,C1KCG103,1765,English,55,Male,White,United States,United States,United States,English,Yes,Full-Time,
6357c56436f3989ebdb17c75,5f3cdb4c3bb11cb825373e90,APPROVED,2022-10-25T11:15:51.943000Z,2022-10-25T11:31:29.928000Z,2022-10-25T11:31:30.414000Z,2022-10-25T11:31:30.347340Z,938.0,C1KCG103,1971,English,38,Male,White,United States,United States,United States,English,DATA_EXPIRED,DATA_EXPIRED,
6357c565ab6728cff8209a74,60ef1cf5306a0e4561b5ba44,APPROVED,2022-10-25T11:15:53.583000Z,2022-10-25T11:24:49.353000Z,2022-10-25T11:24:49.839000Z,2022-10-25T11:24:49.775808Z,536.0,C1KCG103,950,English,34,Male,White,United States,United States,United States,English,DATA_EXPIRED,DATA_EXPIRED,
6357c569227142f9888a0f5e,5d4254db5b2c430001418a3c,APPROVED,2022-10-25T11:17:29.638000Z,2022-10-25T11:33:39.972000Z,2022-10-25T11:33:40.387000Z,2022-10-25T11:33:40.319911Z,971.0,C1KCG103,3328,English,39,Female,White,United States,United States,United States,English,No,"Not in paid work (e.g. homemaker', 'retired or disabled)",
6357c569434235f9bcdb9391,5c1b9212bfd9220001a9ada0,APPROVED,2022-10-25T11:15:56.302000Z,2022-10-25T11:30:22.216000Z,2022-10-25T11:30:27.714000Z,2022-10-25T11:30:22.634330Z,866.0,C1KCG103,1665,"English, Spanish",31,Male,White,United States,United States,United States,English,No,Full-Time,
6357c5747456334d289c07cb,5afafdf27245f60001157545,APPROVED,2022-10-25T11:16:06.838000Z,2022-10-25T11:38:04.136000Z,2022-10-25T11:38:04.664000Z,2022-10-25T11:38:04.599971Z,1318.0,C1KCG103,1610,English,30,Male,White,United States,United States,United States,English,No,Full-Time,
6357c5749b3a9394e032e584,6054e1ddb68b58dd23242765,APPROVED,2022-10-25T11:20:10.499000Z,2022-10-25T11:40:00.063000Z,2022-10-25T11:40:00.540000Z,2022-10-25T11:40:00.468129Z,1190.0,C1KCG103,1940,English,35,Male,Mixed,United States,United States,United States,English,No,DATA_EXPIRED,
6357c57c8b4d87e7e6db93a4,63026a8fd8429b224cd2a134,APPROVED,2022-10-25T11:17:03.873000Z,2022-10-25T12:22:33.009000Z,2022-10-25T12:22:33.497000Z,2022-10-25T12:22:33.435481Z,3930.0,C1KCG103,83,English,25,Male,White,United States,United States,United States,English,Yes,Full-Time,
6357c581bb98bc04dd2eebe4,5f92ea37b7b9c103e0a93d40,APPROVED,2022-10-25T11:16:21.673000Z,2022-10-25T11:35:07.560000Z,2022-10-25T11:35:07.976000Z,2022-10-25T11:35:07.917830Z,1126.0,C1KCG103,670,English,49,Male,Mixed,United States,United States,United States,English,No,Full-Time,
6357c58c434235f9bcdb9393,5f467b0a0d1aef037515c8c9,APPROVED,2022-10-25T11:16:31.089000Z,2022-10-25T11:32:47.938000Z,2022-10-25T11:32:48.380000Z,2022-10-25T11:32:48.313743Z,977.0,C1KCG103,1726,English,40,Male,White,United States,United States,United States,English,DATA_EXPIRED,Full-Time,
6357c5953bd83aa2f2aac6b8,5f49f3262a3d07563d14a7f1,APPROVED,2022-10-25T11:18:12.935000Z,2022-10-25T11:52:48.258000Z,2022-10-25T11:52:49.486000Z,2022-10-25T11:52:49.451412Z,2076.0,C1KCG103,1878,English,28,Male,White,United States,United States,United States,English,No,DATA_EXPIRED,
6357c59590f6aa211faac68d,62d2aee15e1dc6709bdcace0,APPROVED,2022-10-25T11:16:37.135000Z,2022-10-25T11:38:14.105000Z,2022-10-25T11:38:19.542000Z,2022-10-25T11:38:14.455847Z,1297.0,C1KCG103,385,English,53,Female,White,United States,United States,United States,English,No,"Not in paid work (e.g. homemaker', 'retired or disabled)",
6357c5a0434235f9bcdb9395,63122e37da896974502ddacf,APPROVED,2022-10-25T11:23:16.422000Z,2022-10-25T12:01:43.929000Z,2022-10-25T12:01:44.374000Z,2022-10-25T12:01:44.307387Z,2308.0,C1KCG103,256,English,46,Male,White,United States,United States,United States,English,No,Full-Time,
6357c5a316ad5d50cca83db4,60e88e0b7d305b5fbae3ebef,APPROVED,2022-10-25T11:16:54.344000Z,2022-10-25T11:29:54.092000Z,2022-10-25T11:29:54.603000Z,2022-10-25T11:29:54.537240Z,780.0,C1KCG103,2587,English,40,Male,White,United States,United States,United States,English,No,Full-Time,
6357c5ab50952fd47b5ecc3d,62b1f567d5f22515024421f1,APPROVED,2022-10-25T11:18:18.933000Z,2022-10-25T11:50:43.261000Z,2022-10-25T11:50:43.694000Z,2022-10-25T11:50:43.623864Z,1945.0,C1KCG103,340,"English, Twi",29,Male,Black,DATA_EXPIRED,United States,United States,English,Yes,Full-Time,
6357c5c3521bca1759805820,5df9846d76f45070feedf075,APPROVED,2022-10-25T11:17:27.551000Z,2022-10-25T11:36:33.441000Z,2022-10-25T11:36:33.841000Z,2022-10-25T11:36:33.777905Z,1146.0,C1KCG103,3126,English,60,Male,White,United States,United States,United States,English,DATA_EXPIRED,DATA_EXPIRED,
6357c5c9bc90a252408a0f93,614010e2fe2c7bba5f7550d5,APPROVED,2022-10-25T11:17:32.739000Z,2022-10-25T11:28:43.894000Z,2022-10-25T11:28:44.284000Z,2022-10-25T11:28:44.203795Z,672.0,C1KCG103,424,English,27,Male,Asian,Philippines,United States,United States,English,No,Unemployed (and job seeking),
6357c5d7c71c4c27b283c0d6,62d3353522f2e30546487dbf,APPROVED,2022-10-25T11:17:43.391000Z,2022-10-25T11:38:00.386000Z,2022-10-25T11:38:00.901000Z,2022-10-25T11:38:00.821486Z,1217.0,C1KCG103,296,English,20,Male,Asian,Hong Kong,United States,United States,Chinese,No,Unemployed (and job seeking),
6357c5e334cd337934edd15e,631f6e0b69d34cd131d923f8,APPROVED,2022-10-25T11:21:53.591000Z,2022-10-25T11:45:38.369000Z,2022-10-25T11:45:38.794000Z,2022-10-25T11:45:38.725949Z,1425.0,C1KCG103,139,English,32,Male,White,United States,United States,United States,English,No,Part-Time,
6357c5f048ff6bb27a6ecfda,5dd3d566e05cad3b130de19a,APPROVED,2022-10-25T11:18:12.707000Z,2022-10-25T12:13:20.334000Z,2022-10-25T12:13:20.797000Z,2022-10-25T12:13:20.731091Z,3308.0,C1KCG103,2623,English,41,Male,DATA_EXPIRED,United States,United States,United States,English,DATA_EXPIRED,DATA_EXPIRED,
6357c5f3ea171218b1ea25ff,62bd685ac3edc9ad0d77812b,APPROVED,2022-10-25T11:18:50.812000Z,2022-10-25T12:16:02.967000Z,2022-10-25T12:16:03.431000Z,2022-10-25T12:16:03.362278Z,3433.0,C1KCG103,429,"English, Twi",34,Male,Black,DATA_EXPIRED,United States,United States,English,No,Full-Time,
6357c60553713ffe3071b925,5c769cf9f2fe9400149289f3,APPROVED,2022-10-25T11:18:31.821000Z,2022-10-25T11:29:21.250000Z,2022-10-25T11:29:21.653000Z,2022-10-25T11:29:21.585816Z,650.0,C1KCG103,904,English,28,Female,White,United States,United States,United States,English,No,DATA_EXPIRED,
6357c605bc90a252408a0f9c,5dcf7b49523df00ae9c4e07e,APPROVED,2022-10-25T11:18:32.656000Z,2022-10-25T11:38:37.503000Z,2022-10-25T11:38:37.919000Z,2022-10-25T11:38:37.846472Z,1205.0,C1KCG103,3040,English,28,Female,White,United States,United States,United States,English,No,Part-Time,
6357c615bc90a252408a0f9e,614f58258eaf7063aa888d90,APPROVED,2022-10-25T11:18:49.017000Z,2022-10-25T11:53:04.129000Z,2022-10-25T11:53:04.562000Z,2022-10-25T11:53:04.489610Z,2056.0,C1KCG103,960,English,29,Female,Black,United States,United States,United States,English,No,DATA_EXPIRED,
6357c62416ad5d50cca83dc8,5dac4dad5e53cc001499f1f6,APPROVED,2022-10-25T11:19:00.853000Z,2022-10-25T12:13:36.649000Z,2022-10-25T12:13:37.032000Z,2022-10-25T12:13:36.962341Z,3276.0,C1KCG103,2076,English,32,Male,White,United States,United States,United States,English,No,Unemployed (and job seeking),
6357c62678d4d36562a83d8d,6315dbda57439d794f865dbd,APPROVED,2022-10-25T11:19:16.303000Z,2022-10-25T12:04:53.710000Z,2022-10-25T12:04:54.120000Z,2022-10-25T12:04:54.062719Z,2738.0,C1KCG103,198,"Esperanto, English",51,Male,White,United States,United States,Ireland,English,No,Full-Time,
6357c62d2c95ca6c731dfe6d,5dedf0483711364928753ecd,APPROVED,2022-10-25T11:19:09.477000Z,2022-10-25T12:07:36.168000Z,2022-10-25T12:07:36.673000Z,2022-10-25T12:07:36.599306Z,2907.0,C1KCG103,2381,"English, Korean",37,Male,Asian,United States,United States,United States,English,No,Full-Time,
6357c636e89c441e5a3f5845,5f8275c36d72281a1c8a2927,APPROVED,2022-10-25T11:19:35.680000Z,2022-10-25T11:30:25.756000Z,2022-10-25T11:30:26.179000Z,2022-10-25T11:30:26.108025Z,651.0,C1KCG103,1206,English,45,Female,White,United States,United States,United States,English,No,Full-Time,
6357c648b2d04586845f0beb,5fecaa563803bbe5ddd072b7,APPROVED,2022-10-25T11:19:40.035000Z,2022-10-25T11:39:35.329000Z,2022-10-25T11:39:35.755000Z,2022-10-25T11:39:35.691264Z,1196.0,C1KCG103,736,"English, Spanish",22,Female,White,Cuba,United States,Cuba,Spanish,Yes,Part-Time,
6357c6896be26432f8190154,6117efedb574017076d5b499,APPROVED,2022-10-25T11:20:49.161000Z,2022-10-25T11:29:48.118000Z,2022-10-25T11:29:48.593000Z,2022-10-25T11:29:48.518932Z,539.0,C1KCG103,1155,English,30,Female,White,United States,United States,United States,English,DATA_EXPIRED,DATA_EXPIRED,
6357c68a4e231f3e5eedd12a,60f989f2b726f86c3d24e13e,APPROVED,2022-10-25T11:20:45.894000Z,2022-10-25T11:28:13.287000Z,2022-10-25T11:28:13.800000Z,2022-10-25T11:28:13.707386Z,448.0,C1KCG103,1325,English,38,Male,White,United States,United States,United States,English,DATA_EXPIRED,DATA_EXPIRED,
6357c6928b34b5a49f86ce87,628f700669d5f6e4e33c8d8e,APPROVED,2022-10-25T11:20:54.029000Z,2022-10-25T11:32:35.971000Z,2022-10-25T11:32:36.426000Z,2022-10-25T11:32:36.681255Z,702.0,C1KCG103,738,English,70,Male,White,United States,United States,United States,English,No,"Not in paid work (e.g. homemaker', 'retired or disabled)",
6357c69e20fb1e3dea6c39be,5fbbe3a696d6300008af539d,APPROVED,2022-10-25T11:21:02.559000Z,2022-10-25T11:54:58.480000Z,2022-10-25T11:54:58.939000Z,2022-10-25T11:54:58.877146Z,2036.0,C1KCG103,462,English,34,Male,Other,United States,United States,United States,Spanish,No,Unemployed (and job seeking),
6357c69e3829a826375371c5,5d8186b89d5990001958d771,APPROVED,2022-10-25T11:21:07.061000Z,2022-10-25T12:16:32.867000Z,2022-10-25T12:16:33.319000Z,2022-10-25T12:16:33.244800Z,3326.0,C1KCG103,169,"English, Spanish",30,Female,White,United States,United States,United States,English,No,Full-Time,
6357c6c366d9cdbe1adb6eb7,63038702fea51556c37c36cf,APPROVED,2022-10-25T11:21:43.214000Z,2022-10-25T11:37:32.593000Z,2022-10-25T11:37:32.977000Z,2022-10-25T11:37:32.906833Z,950.0,C1KCG103,243,English,33,Female,White,United States,United States,United States,English,No,Full-Time,
6357c6c76218a039c6db26d5,6083aac9d3384eb581f4345a,APPROVED,2022-10-25T11:21:43.634000Z,2022-10-25T11:37:39.386000Z,2022-10-25T11:37:39.841000Z,2022-10-25T11:37:39.770794Z,956.0,C1KCG103,1808,English,24,Male,White,United States,United States,United States,English,No,Unemployed (and job seeking),
6357c6d034cd337934edd17a,558966d3fdf99b74158d780d,APPROVED,2022-10-25T11:21:55.697000Z,2022-10-25T11:37:32.001000Z,2022-10-25T11:37:32.403000Z,2022-10-25T11:37:32.332249Z,937.0,C1KCG103,883,"English, French",39,Male,White,United States,United States,United States,English,No,Full-Time,
6357c6f0b8c84d9242ba0aec,597f662f89542d0001517d78,APPROVED,2022-10-25T11:22:27.235000Z,2022-10-25T11:38:43.393000Z,2022-10-25T11:38:43.848000Z,2022-10-25T11:38:43.773930Z,977.0,C1KCG103,2892,English,40,Male,White,United States,United States,United States,English,No,Full-Time,
6357c6fc90f6aa211faac6a8,5d46da4ae67c9400192c4343,APPROVED,2022-10-25T11:22:39.887000Z,2022-10-25T11:39:42.794000Z,2022-10-25T11:39:43.218000Z,2022-10-25T11:39:43.151922Z,1023.0,C1KCG103,1782,English,50,Female,White,United States,United States,United States,English,Yes,"Not in paid work (e.g. homemaker', 'retired or disabled)",
6357c704227142f9888a0f6d,5a4ff86beedc32000141f232,APPROVED,2022-10-25T11:22:46.136000Z,2022-10-25T11:39:43.737000Z,2022-10-25T11:39:44.682000Z,2022-10-25T11:39:44.589134Z,1018.0,C1KCG103,1118,English,44,Female,White,United States,United States,United States,English,No,Full-Time,
6357c70e88a68b7f2a32e56d,5c024be169406e00014e0b8e,APPROVED,2022-10-25T11:22:54.277000Z,2022-10-25T11:44:32.849000Z,2022-10-25T11:44:33.253000Z,2022-10-25T11:44:33.188201Z,1299.0,C1KCG103,3403,English,27,Male,Mixed,United States,United States,United States,English,DATA_EXPIRED,DATA_EXPIRED,
6357c71954d0f4898583c0c4,614e7ef6e98951c5af6fd9f7,APPROVED,2022-10-25T11:23:10.214000Z,2022-10-25T11:48:16.670000Z,2022-10-25T11:48:18.546000Z,2022-10-25T11:48:17.007475Z,1507.0,C1KCG103,1929,English,59,Male,White,United States,United States,United States,English,No,Part-Time,
6357c7359332d320222a9e35,5c476621b521ee00019abf67,APPROVED,2022-10-25T11:23:37.247000Z,2022-10-25T11:45:20.289000Z,2022-10-25T11:45:20.720000Z,2022-10-25T11:45:21.502913Z,1304.0,C1KCG103,2777,English,63,Female,White,United States,United States,United States,English,No,Part-Time,
6357c73ae1c055595eaac671,5dbc46b70338051eb7999760,APPROVED,2022-10-25T11:23:42.773000Z,2022-10-25T11:42:16.769000Z,2022-10-25T11:42:17.821000Z,2022-10-25T11:42:17.741802Z,1114.0,C1KCG103,3375,English,45,Female,White,United States,United States,United States,English,No,Part-Time,
6357c757f135c5c989c0ffaf,6294ea877522945ad8df1578,APPROVED,2022-10-25T11:24:10.987000Z,2022-10-25T11:39:35.339000Z,2022-10-25T11:39:40.837000Z,2022-10-25T11:39:35.757275Z,925.0,C1KCG103,422,"English, Swedish",44,Male,White,United States,United States,United States,English,No,Full-Time,
6357c769601d89fbc4e509f4,6175e05636b79082f8d345c5,APPROVED,2022-10-25T11:24:25.624000Z,2022-10-25T12:08:56.146000Z,2022-10-25T12:08:56.567000Z,2022-10-25T12:08:56.717092Z,2671.0,C1KCG103,1473,English,34,Female,White,United States,United States,United States,English,No,DATA_EXPIRED,
6357c77406441c71114c4a9c,60bb4ce0772c798d3242a78a,APPROVED,2022-10-25T11:27:08.402000Z,2022-10-25T11:53:22.477000Z,2022-10-25T11:53:23.098000Z,2022-10-25T11:53:23.764819Z,1575.0,C1KCG103,707,English,40,Male,White,United States,United States,United States,English,DATA_EXPIRED,DATA_EXPIRED,
6357c79c303b485327a83db1,5d849ee0a954540019f513dd,APPROVED,2022-10-25T11:25:18.599000Z,2022-10-25T11:57:01.367000Z,2022-10-25T11:57:01.733000Z,2022-10-25T11:57:01.674076Z,1903.0,C1KCG103,2639,English,33,Female,White,United States,United States,United States,English,DATA_EXPIRED,DATA_EXPIRED,
6357c7a2f135c5c989c0ffb7,5e470b9563f714033f4b7a7f,APPROVED,2022-10-25T11:25:24.679000Z,2022-10-25T11:50:11.440000Z,2022-10-25T11:50:11.857000Z,2022-10-25T11:50:11.776047Z,1487.0,C1KCG103,1334,English,35,Female,White,United States,United States,United States,English,No,Full-Time,
6357c7bd5f831b557f8057eb,61151fdceebe67102a0983ad,APPROVED,2022-10-25T11:25:49.233000Z,2022-10-25T11:56:52.755000Z,2022-10-25T11:56:53.166000Z,2022-10-25T11:56:53.096477Z,1864.0,C1KCG103,1912,English,38,Female,White,United States,United States,United States,English,No,Other,
6357c7c81c95862a3b8a0fae,5d83dba73dfcaa0019a3125f,APPROVED,2022-10-25T11:26:02.989000Z,2022-10-25T11:52:34.380000Z,2022-10-25T11:52:35.563000Z,2022-10-25T11:52:35.723674Z,1592.0,C1KCG103,2374,English,46,Female,White,United States,United States,United States,English,No,Full-Time,
6357c7d1e7d58bcc8d4d8a55,5d4459c166881d001c4d5451,APPROVED,2022-10-25T11:26:14.906000Z,2022-10-25T11:38:46.451000Z,2022-10-25T11:38:46.856000Z,2022-10-25T11:38:46.782997Z,752.0,C1KCG103,2889,English,53,Male,White,United States,United States,United States,English,DATA_EXPIRED,DATA_EXPIRED,
6357c7e3ec5617d623906660,6020606d7b0258677b881f63,APPROVED,2022-10-25T11:26:31.815000Z,2022-10-25T11:42:51.885000Z,2022-10-25T11:42:52.409000Z,2022-10-25T11:42:53.520066Z,981.0,C1KCG103,684,English,23,Female,White,United States,United States,United States,English,No,"Not in paid work (e.g. homemaker', 'retired or disabled)",
6357c7e6f6f8323c58e50a45,5ff12368d42dc550d649c762,APPROVED,2022-10-25T11:26:34.818000Z,2022-10-25T12:06:09.140000Z,2022-10-25T12:06:10.507000Z,2022-10-25T12:06:10.447456Z,2375.0,C1KCG103,2682,English,56,Male,White,United States,United States,United States,English,No,Full-Time,
6357c7ed3739d323e75ecc58,60f7b70d94d711c4844a7182,APPROVED,2022-10-25T11:26:40.923000Z,2022-10-25T11:37:07.271000Z,2022-10-25T11:37:07.720000Z,2022-10-25T11:37:07.652097Z,627.0,C1KCG103,233,English,37,Male,White,United States,United States,United States,English,No,DATA_EXPIRED,
6357c7f25bb602ca45db6e8e,59e7477e3e4b5a00016aa4d2,APPROVED,2022-10-25T11:26:47.832000Z,2022-10-25T11:50:58.193000Z,2022-10-25T11:50:58.611000Z,2022-10-25T11:50:58.538349Z,1451.0,C1KCG103,3278,English,57,Male,White,United States,United States,United States,English,DATA_EXPIRED,DATA_EXPIRED,
6357c7f54e231f3e5eedd140,5ee5a22a5fd9cf2d945d732c,APPROVED,2022-10-25T11:26:50.140000Z,2022-10-25T12:01:36.613000Z,2022-10-25T12:01:37.120000Z,2022-10-25T12:01:37.046837Z,2087.0,C1KCG103,1353,English,59,Male,White,United States,United States,United States,English,No,"Not in paid work (e.g. homemaker', 'retired or disabled)",
6357c7f71c95862a3b8a0fb2,5d5d431608a4b10016285091,APPROVED,2022-10-25T11:27:28.273000Z,2022-10-25T12:14:37.075000Z,2022-10-25T12:14:37.557000Z,2022-10-25T12:14:37.477250Z,2829.0,C1KCG103,1925,"Japanese, Spanish, English",63,Female,White,Chile,United States,United States,DATA_EXPIRED,No,"Not in paid work (e.g. homemaker', 'retired or disabled)",
6357c7fd8e591702185ecbe6,5914b7b50a4b9d0001add64f,APPROVED,2022-10-25T11:26:59.572000Z,2022-10-25T11:44:43.313000Z,2022-10-25T11:44:43.742000Z,2022-10-25T11:44:43.680242Z,1064.0,C1KCG103,1866,English,34,Male,White,United States,United States,United States,English,Yes,Full-Time,
6357c8011dd96de431db6ea9,5f7a28b8bedcf2112ebd1289,APPROVED,2022-10-25T11:27:26.509000Z,2022-10-25T11:50:37.410000Z,2022-10-25T11:50:37.894000Z,2022-10-25T11:50:38.373092Z,1391.0,C1KCG103,2548,English,36,Female,White,United States,United States,United States,English,No,"Not in paid work (e.g. homemaker', 'retired or disabled)",
6357c837ea171218b1ea263a,5d730a3cf37bfe0001ff031a,APPROVED,2022-10-25T11:28:07.643000Z,2022-10-25T12:03:51.417000Z,2022-10-25T12:03:51.860000Z,2022-10-25T12:03:51.795386Z,2144.0,C1KCG103,2982,English,56,Male,White,United States,United States,United States,English,No,Unemployed (and job seeking),
6357c83ae7dbdb4a8c537196,60872faa4313a2aaba3a1f32,APPROVED,2022-10-25T11:27:57.903000Z,2022-10-25T11:40:16.755000Z,2022-10-25T11:40:17.208000Z,2022-10-25T11:40:17.144421Z,739.0,C1KCG103,474,English,24,Female,White,United States,United States,United States,English,Yes,Due to start a new job within the next month,
6357c84f41231f5da079c1e8,5eac686d82cc012af1e953c7,APPROVED,2022-10-25T11:28:20.102000Z,2022-10-25T11:51:58.590000Z,2022-10-25T11:52:04.010000Z,2022-10-25T11:51:58.924653Z,1419.0,C1KCG103,1133,English,56,Male,White,United States,United States,United States,English,DATA_EXPIRED,"Not in paid work (e.g. homemaker', 'retired or disabled)",
6357c855f843d4b71fc5138a,616c4a95398b06c2c85b32ed,APPROVED,2022-10-25T11:33:23.091000Z,2022-10-25T11:48:17.108000Z,2022-10-25T11:48:22.599000Z,2022-10-25T11:48:17.511944Z,895.0,C1KCG103,439,"English, French",24,Male,White,France,United States,France,French,Yes,Full-Time,
6357c85e119ee8d560906670,5dd3e5b66d52253c0e37e402,APPROVED,2022-10-25T11:28:34.434000Z,2022-10-25T11:54:37.825000Z,2022-10-25T11:54:43.250000Z,2022-10-25T11:54:38.164281Z,1564.0,C1KCG103,3041,"Russian, English",50,Female,White,Russian Federation,United States,United States,Russian,No,"Not in paid work (e.g. homemaker', 'retired or disabled)",
6357c860f613388287d62de3,5d1e2045a37a4d001a1fc2cb,APPROVED,2022-10-25T11:29:26.430000Z,2022-10-25T12:00:39.542000Z,2022-10-25T12:00:39.943000Z,2022-10-25T12:00:39.877769Z,1874.0,C1KCG103,3183,English,23,Male,Black,United States,United States,United States,English,No,Unemployed (and job seeking),
6357c86dbc5887aeb29c07b1,62cef2f2cc47af9fb6e7a21f,APPROVED,2022-10-25T11:28:57.249000Z,2022-10-25T11:46:03.071000Z,2022-10-25T11:46:03.475000Z,2022-10-25T11:46:03.403344Z,1026.0,C1KCG103,419,English,28,Male,Black,Nigeria,United States,United States,English,Yes,Part-Time,
6357c8766618cccaa37c7e87,633e74ee41a6c1f7f26e7d43,APPROVED,2022-10-25T11:28:57.485000Z,2022-10-25T11:58:32.974000Z,2022-10-25T11:58:33.370000Z,2022-10-25T11:58:33.303242Z,1776.0,C1KCG103,81,English,30,Male,White,United States,United States,United States,English,No,Full-Time,
6357c88c5803c1e41986ce66,581d38509b5b8800014d507e,APPROVED,2022-10-25T11:29:19.259000Z,2022-10-25T11:40:20.309000Z,2022-10-25T11:40:20.790000Z,2022-10-25T11:40:20.727600Z,662.0,C1KCG103,1249,English,39,Male,White,United States,United States,United States,English,DATA_EXPIRED,DATA_EXPIRED,
6357c894616e682c6ea0b8a9,613f3901a7197bb325d10864,APPROVED,2022-10-25T11:29:27.879000Z,2022-10-25T12:13:29.348000Z,2022-10-25T12:13:29.790000Z,2022-10-25T12:13:29.719650Z,2642.0,C1KCG103,445,"English, Spanish",24,Female,White,United States,United States,United States,English,No,Full-Time,
6357c89766d9cdbe1adb6ede,610076bd4fad57dcd719dd8a,APPROVED,2022-10-25T11:29:31.353000Z,2022-10-25T11:47:13.317000Z,2022-10-25T11:47:13.801000Z,2022-10-25T11:47:13.722605Z,1062.0,C1KCG103,243,English,46,Female,Asian,United States,United States,Vietnam,English,No,Full-Time,
6357c89b1d83cd587b4d8a3d,6238b95932e705108020765a,APPROVED,2022-10-25T11:29:34.509000Z,2022-10-25T12:07:46.738000Z,2022-10-25T12:07:47.180000Z,2022-10-25T12:07:47.095977Z,2293.0,C1KCG103,132,English,29,Male,White,United States,United States,United States,English,No,Full-Time,
6357c8b44ba277fc90190169,5e7e93475caed456ffb84287,APPROVED,2022-10-25T11:30:47.885000Z,2022-10-25T11:49:09.341000Z,2022-10-25T11:49:09.792000Z,2022-10-25T11:49:09.705007Z,1102.0,C1KCG103,979,"English, French",27,Female,Mixed,United States,United States,United States,English,DATA_EXPIRED,DATA_EXPIRED,
6357c8b68dd0037dc8d62d99,5b208c7888ee7400012b63f4,APPROVED,2022-10-25T11:30:01.254000Z,2022-10-25T11:39:18.423000Z,2022-10-25T11:39:18.882000Z,2022-10-25T11:39:18.806714Z,558.0,C1KCG103,755,English,36,Male,White,United States,United States,United States,English,No,DATA_EXPIRED,
6357c8b94db2cd19ab2f835a,62eb212ff1cacbcc02b734ca,APPROVED,2022-10-25T11:30:09.990000Z,2022-10-25T11:59:10.412000Z,2022-10-25T11:59:10.900000Z,2022-10-25T11:59:10.826139Z,1741.0,C1KCG103,374,English,29,Male,White,United States,United States,United States,English,No,Full-Time,
6357c8bef567bd6a2071b934,5dceca2541afe801a32e27ac,APPROVED,2022-10-25T11:30:13.394000Z,2022-10-25T12:08:18.354000Z,2022-10-25T12:08:18.766000Z,2022-10-25T12:08:18.699169Z,2285.0,C1KCG103,3382,English,78,Female,Black,United States,United States,United States,English,No,"Not in paid work (e.g. homemaker', 'retired or disabled)",
6357c8c3d0f159f836c513ab,632c211dcdf6a137b26dfdce,APPROVED,2022-10-25T11:30:17.894000Z,2022-10-25T12:07:45.837000Z,2022-10-25T12:07:46.296000Z,2022-10-25T12:07:46.217718Z,2248.0,C1KCG103,145,English,29,Male,White,United States,United States,United States,English,Yes,Full-Time,
6357c8c854d0f4898583c0f8,5dd91a879dac7c8a7a36fecf,APPROVED,2022-10-25T11:30:18.086000Z,2022-10-25T12:00:48.270000Z,2022-10-25T12:00:48.727000Z,2022-10-25T12:00:48.638437Z,1831.0,C1KCG103,200,English,26,Male,DATA_EXPIRED,United States,United States,United States,English,No,DATA_EXPIRED,
6357c8ca92bea04d48d62da4,5dd446ab87c1fd43fbb49aa1,APPROVED,2022-10-25T11:30:25.250000Z,2022-10-25T11:51:02.260000Z,2022-10-25T11:51:03.130000Z,2022-10-25T11:51:03.044213Z,1238.0,C1KCG103,2034,English,52,Male,White,United States,United States,United States,English,No,DATA_EXPIRED,
6357c8ec392a63ab26a83d8c,58e558cc728bea0001bbda24,APPROVED,2022-10-25T11:30:55.280000Z,2022-10-25T11:51:58.419000Z,2022-10-25T11:51:58.925000Z,2022-10-25T11:51:58.860047Z,1264.0,C1KCG103,2159,English,65,Female,White,United States,United States,United States,English,No,"Not in paid work (e.g. homemaker', 'retired or disabled)",
6357c8f6350a26f931d624c7,5e6d8c46f93a0c35d1f82335,APPROVED,2022-10-25T11:31:46.470000Z,2022-10-25T11:55:20.986000Z,2022-10-25T11:55:21.432000Z,2022-10-25T11:55:21.362312Z,1415.0,C1KCG103,324,English,42,Male,White,United States,United States,United States,English,No,Full-Time,
6357c8f6d6c40f620dc513b0,5ef6c997bddec33cfaed40c7,APPROVED,2022-10-25T11:31:04.875000Z,2022-10-25T11:44:29.449000Z,2022-10-25T11:44:29.883000Z,2022-10-25T11:44:29.792876Z,805.0,C1KCG103,1619,English,43,Male,White,United States,United States,United States,English,No,Full-Time,
6357c910a198e8cce290664e,632c0075227e9b734c80424d,APPROVED,2022-10-25T11:31:37.156000Z,2022-10-25T12:07:08.913000Z,2022-10-25T12:07:09.440000Z,2022-10-25T12:07:09.356402Z,2132.0,C1KCG103,154,English,37,Male,White,United States,United States,United States,English,No,Part-Time,
6357c910eaaa28f341db938b,62f30de9370374008b3868b2,APPROVED,2022-10-25T11:31:34.367000Z,2022-10-25T12:24:35.567000Z,2022-10-25T12:24:36.008000Z,2022-10-25T12:24:35.947670Z,3182.0,C1KCG103,176,"English, Spanish",DATA_EXPIRED,Male,Other,DATA_EXPIRED,United States,United States,English,No,DATA_EXPIRED,
6357c91d20fb1e3dea6c39fc,5c101f812a1a620001f04007,APPROVED,2022-10-25T11:31:47.518000Z,2022-10-25T12:09:35.017000Z,2022-10-25T12:09:35.734000Z,2022-10-25T12:09:35.672570Z,2268.0,C1KCG103,2124,English,68,Female,White,United States,United States,United States,English,No,"Not in paid work (e.g. homemaker', 'retired or disabled)",
6357c91e806ea6748a83c0a5,629e1738fcc7d0b6acfe5280,APPROVED,2022-10-25T11:31:42.183000Z,2022-10-25T11:46:37.792000Z,2022-10-25T11:46:38.271000Z,2022-10-25T11:46:38.202768Z,896.0,C1KCG103,769,English,41,Male,White,United States,United States,United States,English,No,Full-Time,
6357c9263668254994ba0abe,5e937e8e4d246b6b4162ae72,APPROVED,2022-10-25T11:37:38.614000Z,2022-10-25T12:15:26.190000Z,2022-10-25T12:15:26.573000Z,2022-10-25T12:15:26.503956Z,2268.0,C1KCG103,3763,English,33,Male,White,United States,United States,United States,English,No,Full-Time,
6357c92e7456334d289c081f,5de8312c9a9da57b0d318bc4,APPROVED,2022-10-25T11:32:06.041000Z,2022-10-25T12:03:58.506000Z,2022-10-25T12:03:58.960000Z,2022-10-25T12:03:58.880837Z,1913.0,C1KCG103,1153,English,62,Male,White,United States,United States,United States,English,No,DATA_EXPIRED,
6357c93673d8a4b0ca9e6bcb,607a7c3112ff1d9371319ed6,APPROVED,2022-10-25T11:32:18.366000Z,2022-10-25T12:04:10.067000Z,2022-10-25T12:04:12.471000Z,2022-10-25T12:04:10.425091Z,1912.0,C1KCG103,750,English,38,Male,White,United States,United States,United States,English,DATA_EXPIRED,DATA_EXPIRED,
6357c956616e682c6ea0b8c8,5d2f98b94fc1dd0017fe48d5,APPROVED,2022-10-25T11:32:43.578000Z,2022-10-25T12:10:51.350000Z,2022-10-25T12:10:56.782000Z,2022-10-25T12:10:51.698953Z,2288.0,C1KCG103,326,"Spanish, English",37,Male,Other,United States,United States,United States,English,No,Full-Time,
6357c96a4e231f3e5eedd163,5dd85584e2dcbd80078ad6a3,APPROVED,2022-10-25T11:33:03.211000Z,2022-10-25T12:04:27.808000Z,2022-10-25T12:04:28.241000Z,2022-10-25T12:04:28.173855Z,1885.0,C1KCG103,2504,English,48,Female,Black,United States,United States,United States,English,No,Part-Time,
6357c9855bb602ca45db6eb0,6296290ec41bde1525dbb77e,APPROVED,2022-10-25T11:33:25.278000Z,2022-10-25T11:55:04.584000Z,2022-10-25T11:55:04.976000Z,2022-10-25T11:55:04.909985Z,1300.0,C1KCG103,125,English,36,Male,White,United States,United States,United States,English,No,Full-Time,
6357c9953287d0b45b1dfe6a,6016be23044b1586fb0fc3fc,APPROVED,2022-10-25T11:34:57.634000Z,2022-10-25T12:07:59.412000Z,2022-10-25T12:07:59.842000Z,2022-10-25T12:07:59.777118Z,1982.0,C1KCG103,363,"English, French",28,Male,Black,Benin,United States,Benin,French,Yes,Part-Time,
6357c998df2b6ae6d35ecbff,630f9d70f86ca1ee77a5b8dd,APPROVED,2022-10-25T11:33:50.360000Z,2022-10-25T12:18:14.079000Z,2022-10-25T12:18:14.559000Z,2022-10-25T12:18:14.483967Z,2664.0,C1KCG103,37,English,29,Male,Black,United States,United States,United States,English,DATA_EXPIRED,Full-Time,
6357c9b54fb1461f5b07bb45,5e76c87c0fd39b22d52eba04,APPROVED,2022-10-25T11:37:59.038000Z,2022-10-25T12:38:59.525000Z,2022-10-25T12:39:00.012000Z,2022-10-25T12:38:59.945557Z,3661.0,C1KCG103,2151,English,67,Female,White,United States,United States,United States,English,DATA_EXPIRED,DATA_EXPIRED,
6357c9b634ad84c03cbc75c8,5e987098f1bb6707dca13f5b,APPROVED,2022-10-25T11:34:18.571000Z,2022-10-25T11:56:41.852000Z,2022-10-25T11:56:42.284000Z,2022-10-25T11:56:42.217883Z,1344.0,C1KCG103,2175,"English, French",56,Female,White,United States,United States,United States,English,No,Full-Time,
6357c9c816cdc9aa3671b928,60871d664054c52f5b2741ae,APPROVED,2022-10-25T11:34:37.315000Z,2022-10-25T11:56:34.758000Z,2022-10-25T11:56:35.231000Z,2022-10-25T11:56:35.163895Z,1318.0,C1KCG103,720,English,50,Female,White,United States,United States,United States,English,DATA_EXPIRED,Full-Time,
6357c9d448f6ab6356b17c83,60bff9298f56d55c8ecd9adf,APPROVED,2022-10-25T11:34:48.774000Z,2022-10-25T11:54:36.920000Z,2022-10-25T11:54:42.298000Z,2022-10-25T11:54:37.222863Z,1189.0,C1KCG103,2274,English,31,Female,White,United States,United States,United States,English,No,Full-Time,
6357c9da34ad84c03cbc75cb,55899b8dfdf99b7ae47f5fa4,APPROVED,2022-10-25T11:34:50.789000Z,2022-10-25T12:10:51.291000Z,2022-10-25T12:10:51.710000Z,2022-10-25T12:10:51.641318Z,2161.0,C1KCG103,416,English,64,Female,White,United States,United States,United States,English,No,"Not in paid work (e.g. homemaker', 'retired or disabled)",
6357c9ef84da6dfb116ecfb9,604d8f415e948938fd60b536,APPROVED,2022-10-25T11:35:11.869000Z,2022-10-25T11:59:29.634000Z,2022-10-25T11:59:30.093000Z,2022-10-25T11:59:30.025571Z,1458.0,C1KCG103,2070,English,42,Female,White,United States,United States,United States,English,No,Full-Time,
6357c9f1c3f104344d7dd842,627ebc31883c7dd7c2220c7e,APPROVED,2022-10-25T11:35:17.937000Z,2022-10-25T11:47:26.450000Z,2022-10-25T11:47:26.933000Z,2022-10-25T11:47:26.966630Z,729.0,C1KCG103,805,English,18,Female,White,United States,United States,United States,English,Yes,Other,
6357ca070eabada8136a818a,61705235c277934df17055e6,APPROVED,2022-10-25T11:36:00.124000Z,2022-10-25T12:06:43.214000Z,2022-10-25T12:06:43.615000Z,2022-10-25T12:06:43.554259Z,1844.0,C1KCG103,2098,English,47,Male,White,United States,United States,United States,English,No,Unemployed (and job seeking),
6357ca0898dab16bfc1dfe9c,62bf01a70d976051a908ea2c,APPROVED,2022-10-25T11:35:39.452000Z,2022-10-25T11:53:59.806000Z,2022-10-25T11:54:00.240000Z,2022-10-25T11:54:00.173038Z,1101.0,C1KCG103,351,English,59,Female,White,United States,United States,United States,English,No,DATA_EXPIRED,
6357ca09d0a93a1d7b6a81aa,633fadee5fc02d5c5e7c8eec,APPROVED,2022-10-25T11:35:41.788000Z,2022-10-25T12:02:56.042000Z,2022-10-25T12:02:56.536000Z,2022-10-25T12:02:56.466128Z,1635.0,C1KCG103,39,English,34,Male,White,United States,United States,United States,English,Yes,Full-Time,
6357ca10c3f104344d7dd846,61718d9e97758c13c3937d65,APPROVED,2022-10-25T11:35:48.983000Z,2022-10-25T11:55:37.972000Z,2022-10-25T11:55:38.488000Z,2022-10-25T11:55:38.423905Z,1189.0,C1KCG103,915,English,28,Male,Mixed,Italy,United States,United States,Spanish,No,Other,
6357ca112fae51da0597d865,616c1cc2510fe9022f6577f8,APPROVED,2022-10-25T11:35:48.561000Z,2022-10-25T11:48:24.777000Z,2022-10-25T11:48:25.299000Z,2022-10-25T11:48:25.226475Z,757.0,C1KCG103,1410,English,53,Male,White,United Kingdom,United States,United Kingdom,English,No,Full-Time,
6357ca1ce77512398cb17ca1,5f6c102b6ec04317fc9a8127,APPROVED,2022-10-25T11:35:56.518000Z,2022-10-25T12:17:39.767000Z,2022-10-25T12:17:40.278000Z,2022-10-25T12:17:40.211677Z,2504.0,C1KCG103,1595,English,20,Male,Asian,United States,United States,United States,English,Yes,Unemployed (and job seeking),
6357ca1ddf2b6ae6d35ecc0d,5dd4070a57a7e13efe25534a,APPROVED,2022-10-25T11:36:00.789000Z,2022-10-25T11:56:34.863000Z,2022-10-25T11:56:40.426000Z,2022-10-25T11:56:35.338739Z,1235.0,C1KCG103,3490,"English, Hebrew",59,Female,White,United States,United States,United States,English,No,Part-Time,
6357ca2e0a66a6a262a4abf8,567dd32b4f0ef30006dbb718,APPROVED,2022-10-25T11:36:14Z,2022-10-25T12:04:35.788000Z,2022-10-25T12:04:36.289000Z,2022-10-25T12:04:36.231023Z,1702.0,C1KCG103,5637,English,56,Female,Black,United States,United States,United States,English,No,Full-Time,
6357ca43d0f159f836c513d0,5ee29028fb6eba3d81ebf0f9,APPROVED,2022-10-25T11:36:37.868000Z,2022-10-25T12:00:54.865000Z,2022-10-25T12:00:55.243000Z,2022-10-25T12:00:55.177770Z,1457.0,C1KCG103,708,"English, Spanish",25,Female,White,United States,United States,United States,English,Yes,Part-Time,
6357ca47ddc9fa2d6ab17c6f,60b8198defba8da1d95a93b8,APPROVED,2022-10-25T11:36:43.190000Z,2022-10-25T11:50:13.268000Z,2022-10-25T11:50:13.755000Z,2022-10-25T11:50:13.680161Z,811.0,C1KCG103,2503,English,33,Male,White,United States,United States,United States,English,No,Full-Time,
6357ca61858a7fd74279c200,5b70ed4b99982e000145eb7b,APPROVED,2022-10-25T11:40:29.582000Z,2022-10-25T12:19:55.711000Z,2022-10-25T12:19:56.124000Z,2022-10-25T12:19:56.052452Z,2367.0,C1KCG103,1743,English,36,Female,White,United States,United States,United States,English,No,"Not in paid work (e.g. homemaker', 'retired or disabled)",
6357ca7d7f7395ab7879c21d,60b348a8332d26d4b88be6a1,APPROVED,2022-10-25T11:38:07.405000Z,2022-10-25T11:59:59.052000Z,2022-10-25T11:59:59.543000Z,2022-10-25T11:59:59.472579Z,1312.0,C1KCG103,611,English,40,Male,White,United States,United States,United States,English,DATA_EXPIRED,DATA_EXPIRED,
6357ca81230b42c45286ce57,6134d8a566bc3dffe880e879,APPROVED,2022-10-25T11:37:39.891000Z,2022-10-25T11:45:55.344000Z,2022-10-25T11:45:55.793000Z,2022-10-25T11:45:55.726977Z,496.0,C1KCG103,2786,English,42,Female,White,United States,United States,United States,English,No,Full-Time,
6357ca86127c6aa79caac675,60358de06e95f2ef5ea32cf0,APPROVED,2022-10-25T11:37:45.842000Z,2022-10-25T11:56:58.765000Z,2022-10-25T11:56:59.215000Z,2022-10-25T11:56:59.151704Z,1153.0,C1KCG103,2288,English,39,Female,White,United States,United States,United States,English,DATA_EXPIRED,DATA_EXPIRED,
6357ca970b4db217f7c0ff9a,5dd6d2d11228d9667276c3b7,APPROVED,2022-10-25T11:38:06.008000Z,2022-10-25T11:58:03.065000Z,2022-10-25T11:58:03.505000Z,2022-10-25T11:58:03.512104Z,1198.0,C1KCG103,2040,English,32,Male,Mixed,Philippines,United States,United States,Tagalog-Filipino,DATA_EXPIRED,DATA_EXPIRED,
6357ca996f7ea0eb58c0ff62,579e1e2b275be6000135af15,APPROVED,2022-10-25T11:38:06.077000Z,2022-10-25T11:56:56.577000Z,2022-10-25T11:56:57.067000Z,2022-10-25T11:56:56.982481Z,1131.0,C1KCG103,1096,English,46,Male,White,United States,United States,United States,English,No,"Not in paid work (e.g. homemaker', 'retired or disabled)",
6357ca9cd81c87b751e50a6c,5f22bdb732432502a2615f3f,APPROVED,2022-10-25T11:38:06.199000Z,2022-10-25T11:55:35.737000Z,2022-10-25T11:55:36.165000Z,2022-10-25T11:55:36.104422Z,1050.0,C1KCG103,2102,"English, Spanish",31,Female,White,United States,United States,United States,English,No,Part-Time,
6357ca9ff1a74235f180581b,5b4370f330bbfd000105f991,APPROVED,2022-10-25T11:38:10.795000Z,2022-10-25T11:55:15.653000Z,2022-10-25T11:55:16.115000Z,2022-10-25T11:55:16.049234Z,1025.0,C1KCG103,1697,English,56,Male,White,United States,United States,United States,English,No,Full-Time,
6357caa48cc368c040e50a0f,55b237e6fdf99b19ea79d2f7,APPROVED,2022-10-25T11:38:15.113000Z,2022-10-25T13:07:53.533000Z,2022-10-25T13:07:54.076000Z,2022-10-25T13:07:54.012607Z,5379.0,C1KCG103,1765,English,54,Female,White,United States,United States,United States,English,No,Full-Time,
6357caa49ae838424a209a9b,5c3a5a61fc2bdf00017714a2,APPROVED,2022-10-25T11:38:16.413000Z,2022-10-25T12:14:25.136000Z,2022-10-25T12:14:25.541000Z,2022-10-25T12:14:25.446959Z,2169.0,C1KCG103,629,English,60,Female,White,United States,United States,United States,English,No,Part-Time,
6357caaa01aab7df5cea2627,5c0fcccc1f6f150001487111,APPROVED,2022-10-25T11:38:26.700000Z,2022-10-25T11:59:03.796000Z,2022-10-25T11:59:04.200000Z,2022-10-25T11:59:04.113258Z,1238.0,C1KCG103,3634,English,59,Female,White,United States,United States,United States,English,No,"Not in paid work (e.g. homemaker', 'retired or disabled)",
6357caaa2a79fb77b06a81ce,5e52a7cc53ecf12b883e1e1f,APPROVED,2022-10-25T11:44:17.076000Z,2022-10-25T12:10:21.701000Z,2022-10-25T12:10:22.125000Z,2022-10-25T12:10:22.057719Z,1565.0,C1KCG103,31,English,49,Female,White,United States,United States,United States,English,No,DATA_EXPIRED,
6357caac0fa5f91ebec0ffab,570d30d942a1db000fc4cf87,APPROVED,2022-10-25T11:38:24.068000Z,2022-10-25T12:02:53.930000Z,2022-10-25T12:02:54.323000Z,2022-10-25T12:02:54.255734Z,1470.0,C1KCG103,2164,English,60,Female,White,United States,United States,United States,English,No,Full-Time,
6357cab42a79fb77b06a81cf,610508c09d61c098f072605b,APPROVED,2022-10-25T11:38:31.541000Z,2022-10-25T11:55:55.144000Z,2022-10-25T11:55:55.632000Z,2022-10-25T11:55:55.559683Z,1044.0,C1KCG103,910,English,25,Female,Mixed,United States,United States,United States,English,DATA_EXPIRED,DATA_EXPIRED,
6357cab4436f29eba83c6feb,62fbeca46caf4abaaf74b5f1,APPROVED,2022-10-25T11:38:31.913000Z,2022-10-25T11:58:00.696000Z,2022-10-25T11:58:01.078000Z,2022-10-25T11:58:01.010782Z,1169.0,C1KCG103,381,English,63,Male,White,United States,United States,United States,English,No,"Not in paid work (e.g. homemaker', 'retired or disabled)",
6357cab44db2cd19ab2f8381,5edfb0770fb0722aa3839b6d,APPROVED,2022-10-25T11:38:32.472000Z,2022-10-25T12:00:11.456000Z,2022-10-25T12:00:11.973000Z,2022-10-25T12:00:11.887369Z,1299.0,C1KCG103,2944,English,27,Female,White,United States,United States,United States,English,No,Full-Time,
6357cab86b2645b7b9d624c9,5ae0afd709eae20001131fb9,APPROVED,2022-10-25T11:40:00.032000Z,2022-10-25T12:34:35.011000Z,2022-10-25T12:34:35.414000Z,2022-10-25T12:34:35.352077Z,3275.0,C1KCG103,440,English,31,Female,White,United States,United States,United States,English,DATA_EXPIRED,DATA_EXPIRED,
6357cacf07d3cbda844c4add,63064c42bae4183ae557efb9,APPROVED,2022-10-25T11:38:58.545000Z,2022-10-25T11:59:19.881000Z,2022-10-25T11:59:20.328000Z,2022-10-25T11:59:20.267670Z,1222.0,C1KCG103,220,English,21,Male,Asian,Bangladesh,United States,United States,Bengali,Yes,Other,
6357cad371f4d41ad86ecfd0,616ca5967d36f0000bd47b78,APPROVED,2022-10-25T11:39:01.878000Z,2022-10-25T12:03:18.380000Z,2022-10-25T12:03:18.850000Z,2022-10-25T12:03:18.750397Z,1457.0,C1KCG103,1299,"English, Vietnamese",35,Female,Asian,Vietnam,United States,Vietnam,Vietnamese,No,Full-Time,
6357cadaf1a74235f1805825,628e0063fa56e316da2a71cb,APPROVED,2022-10-25T11:39:08.201000Z,2022-10-25T12:48:33.730000Z,2022-10-25T12:48:34.238000Z,2022-10-25T12:48:34.138904Z,4166.0,C1KCG103,485,English,47,Male,White,United States,United States,United States,English,No,Other,
6357caedddc9fa2d6ab17c82,5d6376ec7e447f001c971315,APPROVED,2022-10-25T11:40:09.075000Z,2022-10-25T12:13:45.080000Z,2022-10-25T12:13:45.581000Z,2022-10-25T12:13:45.503203Z,2017.0,C1KCG103,2408,English,65,Female,Black,United States,United States,United States,English,No,Unemployed (and job seeking),
6357caee05cf2375f47c7eaa,5f53d4f0d3e03471e4eb4847,APPROVED,2022-10-25T11:39:29.339000Z,2022-10-25T12:03:31.244000Z,2022-10-25T12:03:31.669000Z,2022-10-25T12:03:31.601825Z,1442.0,C1KCG103,1792,English,42,Male,White,United States,United States,United States,English,No,Full-Time,
6357caf1397d395bca2f8357,5e121701dc79bd8a1a22ca99,APPROVED,2022-10-25T11:39:34.616000Z,2022-10-25T12:04:07.630000Z,2022-10-25T12:04:08.082000Z,2022-10-25T12:04:08.004004Z,1474.0,C1KCG103,3246,English,52,Female,White,United States,United States,United States,English,DATA_EXPIRED,DATA_EXPIRED,
6357cb0226f5cd603232e545,5d612ae16512d700159face7,APPROVED,2022-10-25T11:39:46.223000Z,2022-10-25T12:13:25.951000Z,2022-10-25T12:13:26.389000Z,2022-10-25T12:13:26.317537Z,2020.0,C1KCG103,3704,English,38,Female,White,United States,United States,United States,English,DATA_EXPIRED,DATA_EXPIRED,
6357cb076d4c79d2da71b941,5f402da30ce123154d1f3f84,APPROVED,2022-10-25T11:39:59.550000Z,2022-10-25T12:16:10.147000Z,2022-10-25T12:16:10.670000Z,2022-10-25T12:16:10.604987Z,2171.0,C1KCG103,2841,English,60,Male,White,United States,United States,United States,English,No,Part-Time,
6357cb0b18a47267de3f5811,5d63179aa3b94d0001da4bb6,APPROVED,2022-10-25T11:39:58.335000Z,2022-10-25T11:55:04.043000Z,2022-10-25T11:55:04.539000Z,2022-10-25T11:55:04.470318Z,906.0,C1KCG103,2901,English,59,Female,White,United Kingdom,United States,United States,English,No,Full-Time,
6357cb0eada21349348057fc,62865c743c2f320d48ab2912,APPROVED,2022-10-25T11:40:39.588000Z,2022-10-25T12:05:45.599000Z,2022-10-25T12:05:46.016000Z,2022-10-25T12:05:45.933551Z,1507.0,C1KCG103,774,English,37,Male,White,United States,United States,United States,English,No,Full-Time,
6357cb198e591702185ecc29,60b49cb1dc5470789edd23fe,APPROVED,2022-10-25T11:40:15.183000Z,2022-10-25T11:55:36.653000Z,2022-10-25T11:55:37.107000Z,2022-10-25T11:55:37.046099Z,922.0,C1KCG103,1052,English,31,Female,White,United States,United States,United States,English,No,Unemployed (and job seeking),
6357cb2440d48d4642e52e35,610761697f759faefc3ef8a4,APPROVED,2022-10-25T11:40:25.321000Z,2022-10-25T12:05:33.141000Z,2022-10-25T12:05:33.643000Z,2022-10-25T12:05:33.579146Z,1508.0,C1KCG103,577,English,46,Female,White,United States,United States,United States,English,No,DATA_EXPIRED,
6357cb27bf0abf14a8906635,60901816d52378c69c140607,APPROVED,2022-10-25T11:40:28.608000Z,2022-10-25T12:26:10.351000Z,2022-10-25T12:26:10.776000Z,2022-10-25T12:26:10.716686Z,2742.0,C1KCG103,746,English,32,Female,Black,Jamaica,United States,Jamaica,English,No,Full-Time,
6357cd6915b4812de62eebd3,604c116bbb5f48fd0489e799,APPROVED,2022-10-25T11:50:06.461000Z,2022-10-25T12:14:51.081000Z,2022-10-25T12:14:51.550000Z,2022-10-25T12:14:51.488007Z,1485.0,C1KCG103,1282,English,27,Female,White,United States,United States,United States,English,No,Full-Time,
6357cecb734a522ecc86ce32,59ff81fd5d06850001afeeab,APPROVED,2022-10-25T11:56:06.569000Z,2022-10-25T12:23:03.799000Z,2022-10-25T12:23:04.270000Z,2022-10-25T12:23:04.204402Z,1618.0,C1KCG103,3383,English,27,Male,Black,United States,United States,United States,English,DATA_EXPIRED,DATA_EXPIRED,
6357d06fae306523ea71b946,62c2e1dcee1194bef7151c26,APPROVED,2022-10-25T12:03:12.384000Z,2022-10-25T12:33:53.724000Z,2022-10-25T12:33:54.253000Z,2022-10-25T12:33:54.169108Z,1842.0,C1KCG103,352,English,35,Male,White,United States,United States,United States,English,No,Full-Time,
6357d5dd68c063bae2db26cb,62b07ac53b83bf0683eda6b6,APPROVED,2022-10-25T12:26:37.369000Z,2022-10-25T13:02:50.563000Z,2022-10-25T13:02:50.984000Z,2022-10-25T13:02:50.911775Z,2174.0,C1KCG103,772,English,39,Female,White,United States,United States,United States,English,No,"Not in paid work (e.g. homemaker', 'retired or disabled)",
6357da52e1ae624c3ea83de0,570b7f8fb9b52b00102d9723,APPROVED,2022-10-25T12:45:11.156000Z,2022-10-25T13:14:56.502000Z,2022-11-15T00:00:22.515000Z,2022-10-25T13:14:56.937696Z,1786.0,NOCODE,3351,English,54,Female,White,United States,United States,United States,English,No,Full-Time,
6357da58493b78c9682eebca,5f6067975552dc000aa21f2a,APPROVED,2022-10-25T12:45:23.738000Z,2022-10-25T13:47:57.497000Z,2022-10-25T13:47:58.367000Z,2022-10-25T13:47:58.301090Z,3754.0,C1KCG103,539,English,44,Female,White,United States,United States,United States,English,No,DATA_EXPIRED,
6357b8d0da66bc267c316872,6300a8230671f0e8b0a7b0f4,RETURNED,2022-10-25T10:22:16.936000Z,2022-10-25T10:57:53.755000Z,,2022-10-25T10:57:54.182000Z,,NOCODE,1562,CONSENT_REVOKED,CONSENT_REVOKED,CONSENT_REVOKED,CONSENT_REVOKED,CONSENT_REVOKED,CONSENT_REVOKED,CONSENT_REVOKED,CONSENT_REVOKED,CONSENT_REVOKED,CONSENT_REVOKED,Not Applicable
6357ba1a69649ab68783f955,5f4fef64fd3fc113300fbb44,RETURNED,2022-10-25T10:27:38.247000Z,,,,,,3941,CONSENT_REVOKED,CONSENT_REVOKED,CONSENT_REVOKED,CONSENT_REVOKED,CONSENT_REVOKED,CONSENT_REVOKED,CONSENT_REVOKED,CONSENT_REVOKED,CONSENT_REVOKED,CONSENT_REVOKED,Not Applicable
6357ba294f6a840106021078,5fc2a5c0ddfca10169395662,RETURNED,2022-10-25T10:27:57.846000Z,,,,,,3945,CONSENT_REVOKED,CONSENT_REVOKED,CONSENT_REVOKED,CONSENT_REVOKED,CONSENT_REVOKED,CONSENT_REVOKED,CONSENT_REVOKED,CONSENT_REVOKED,CONSENT_REVOKED,CONSENT_REVOKED,Not Applicable
6357bd01490465226822538d,6019a7211839d5112bf03628,TIMED-OUT,2022-10-25T10:40:01.409000Z,,,,88999656.0,,1136,English,27,Male,Asian,United States,United States,United States,English,DATA_EXPIRED,DATA_EXPIRED,Not Applicable
6357be77c6dd31f5dddb2a71,5751d4a716bc720007a5abcd,RETURNED,2022-10-25T10:46:24.019000Z,,,,,,259,CONSENT_REVOKED,CONSENT_REVOKED,CONSENT_REVOKED,CONSENT_REVOKED,CONSENT_REVOKED,CONSENT_REVOKED,CONSENT_REVOKED,CONSENT_REVOKED,CONSENT_REVOKED,CONSENT_REVOKED,Not Applicable
6357be83acb4528d6f76df3b,5c2fde1bbd41a60001056ec0,RETURNED,2022-10-25T10:46:33.212000Z,,,,,,706,CONSENT_REVOKED,CONSENT_REVOKED,CONSENT_REVOKED,CONSENT_REVOKED,CONSENT_REVOKED,CONSENT_REVOKED,CONSENT_REVOKED,CONSENT_REVOKED,CONSENT_REVOKED,CONSENT_REVOKED,Not Applicable
6357c0868f8b5318d41db8bc,5ef8c7d9b630670523229373,RETURNED,2022-10-25T10:55:06.818000Z,,,,,,7218,CONSENT_REVOKED,CONSENT_REVOKED,CONSENT_REVOKED,CONSENT_REVOKED,CONSENT_REVOKED,CONSENT_REVOKED,CONSENT_REVOKED,CONSENT_REVOKED,CONSENT_REVOKED,CONSENT_REVOKED,Not Applicable
6357c0b423ffe00aed31426c,5e2f15bb8028224dd1dd90c9,RETURNED,2022-10-25T11:06:00.050000Z,,,,,,3284,CONSENT_REVOKED,CONSENT_REVOKED,CONSENT_REVOKED,CONSENT_REVOKED,CONSENT_REVOKED,CONSENT_REVOKED,CONSENT_REVOKED,CONSENT_REVOKED,CONSENT_REVOKED,CONSENT_REVOKED,Not Applicable
6357c112f65ad9d14097a253,60464c1eb5eb8b0dccd04684,RETURNED,2022-10-25T10:57:25.628000Z,,,,,,3052,CONSENT_REVOKED,CONSENT_REVOKED,CONSENT_REVOKED,CONSENT_REVOKED,CONSENT_REVOKED,CONSENT_REVOKED,CONSENT_REVOKED,CONSENT_REVOKED,CONSENT_REVOKED,CONSENT_REVOKED,Not Applicable
6357c195cab36d1aff9d8cb2,5be2f3db4616da00010def19,RETURNED,2022-10-25T10:59:36.441000Z,,,,,,7055,CONSENT_REVOKED,CONSENT_REVOKED,CONSENT_REVOKED,CONSENT_REVOKED,CONSENT_REVOKED,CONSENT_REVOKED,CONSENT_REVOKED,CONSENT_REVOKED,CONSENT_REVOKED,CONSENT_REVOKED,Not Applicable
6357c20cfdb70ccac9a21205,6266b4ea9408fc167507d923,RETURNED,2022-10-25T11:06:24.378000Z,,,,,,6910,CONSENT_REVOKED,CONSENT_REVOKED,CONSENT_REVOKED,CONSENT_REVOKED,CONSENT_REVOKED,CONSENT_REVOKED,CONSENT_REVOKED,CONSENT_REVOKED,CONSENT_REVOKED,CONSENT_REVOKED,Not Applicable
6357c243cf3dadc750acd59e,578532626f13c20001747b7e,RETURNED,2022-10-25T11:09:02.442000Z,,,,,,1586,CONSENT_REVOKED,CONSENT_REVOKED,CONSENT_REVOKED,CONSENT_REVOKED,CONSENT_REVOKED,CONSENT_REVOKED,CONSENT_REVOKED,CONSENT_REVOKED,CONSENT_REVOKED,CONSENT_REVOKED,Not Applicable
6357c2cdcf3dadc750acd5b0,5588c479fdf99b304ee563eb,RETURNED,2022-10-25T11:04:48.410000Z,,,,,,1281,CONSENT_REVOKED,CONSENT_REVOKED,CONSENT_REVOKED,CONSENT_REVOKED,CONSENT_REVOKED,CONSENT_REVOKED,CONSENT_REVOKED,CONSENT_REVOKED,CONSENT_REVOKED,CONSENT_REVOKED,Not Applicable
6357c326f63742fa34b7151d,5c1c2c51e2d9150001b5737e,TIMED-OUT,2022-10-25T11:06:19.533000Z,,,,88998078.0,,8410,English,44,Female,White,United States,United States,United States,English,DATA_EXPIRED,DATA_EXPIRED,Not Applicable
6357c3edab6728cff8209a33,632e6bc41df424f85ae737fe,RETURNED,2022-10-25T11:19:33.527000Z,,,,,,446,CONSENT_REVOKED,CONSENT_REVOKED,CONSENT_REVOKED,CONSENT_REVOKED,CONSENT_REVOKED,CONSENT_REVOKED,CONSENT_REVOKED,CONSENT_REVOKED,CONSENT_REVOKED,CONSENT_REVOKED,Not Applicable
6357c3f221413db20c4c4aa2,603e370c5ed1c2db2c3bde24,RETURNED,2022-10-25T11:09:41.365000Z,,,,,,6233,CONSENT_REVOKED,CONSENT_REVOKED,CONSENT_REVOKED,CONSENT_REVOKED,CONSENT_REVOKED,CONSENT_REVOKED,CONSENT_REVOKED,CONSENT_REVOKED,CONSENT_REVOKED,CONSENT_REVOKED,Not Applicable
6357c53c4e231f3e5eedd11d,614d465852620924f85603c8,RETURNED,2022-10-25T11:15:08.338000Z,,,,,,2187,CONSENT_REVOKED,CONSENT_REVOKED,CONSENT_REVOKED,CONSENT_REVOKED,CONSENT_REVOKED,CONSENT_REVOKED,CONSENT_REVOKED,CONSENT_REVOKED,CONSENT_REVOKED,CONSENT_REVOKED,Not Applicable
6357c548bb98bc04dd2eebd8,5d8108c0a6d2bf001afdb2d9,RETURNED,2022-10-25T11:19:12.397000Z,,,,,,2418,CONSENT_REVOKED,CONSENT_REVOKED,CONSENT_REVOKED,CONSENT_REVOKED,CONSENT_REVOKED,CONSENT_REVOKED,CONSENT_REVOKED,CONSENT_REVOKED,CONSENT_REVOKED,CONSENT_REVOKED,Not Applicable
6357c54d9b3a9394e032e57e,62fcd9d412c2f366e0df8de0,RETURNED,2022-10-25T11:15:34.434000Z,,,,,,2845,CONSENT_REVOKED,CONSENT_REVOKED,CONSENT_REVOKED,CONSENT_REVOKED,CONSENT_REVOKED,CONSENT_REVOKED,CONSENT_REVOKED,CONSENT_REVOKED,CONSENT_REVOKED,CONSENT_REVOKED,Not Applicable
6357c573ca05f96bc7ba0ab2,5d9c67b131544d00101daef1,TIMED-OUT,2022-10-25T11:16:06.689000Z,,,,88997491.0,,11241,English,37,Female,White,United States,United States,United States,English,DATA_EXPIRED,Full-Time,Not Applicable
6357c5ba434235f9bcdb9397,570d22b35e5156000efd8bd5,RETURNED,2022-10-25T11:17:17.076000Z,,,,,,6117,CONSENT_REVOKED,CONSENT_REVOKED,CONSENT_REVOKED,CONSENT_REVOKED,CONSENT_REVOKED,CONSENT_REVOKED,CONSENT_REVOKED,CONSENT_REVOKED,CONSENT_REVOKED,CONSENT_REVOKED,Not Applicable
6357c5cb5481b2bd56906663,5cab944b41de360017e2c3db,RETURNED,2022-10-25T11:20:10.418000Z,,,,,,6805,CONSENT_REVOKED,CONSENT_REVOKED,CONSENT_REVOKED,CONSENT_REVOKED,CONSENT_REVOKED,CONSENT_REVOKED,CONSENT_REVOKED,CONSENT_REVOKED,CONSENT_REVOKED,CONSENT_REVOKED,Not Applicable
6357c638efb4f1faccd62dd9,5700616b8a49c7000d0c73ad,RETURNED,2022-10-25T11:19:23.277000Z,,,,,,9173,CONSENT_REVOKED,CONSENT_REVOKED,CONSENT_REVOKED,CONSENT_REVOKED,CONSENT_REVOKED,CONSENT_REVOKED,CONSENT_REVOKED,CONSENT_REVOKED,CONSENT_REVOKED,CONSENT_REVOKED,Not Applicable
6357c65e29ca35aede7c7ebc,5be1ac50ca095c0001b9f717,RETURNED,2022-10-25T11:20:01.431000Z,,,,,,14787,CONSENT_REVOKED,CONSENT_REVOKED,CONSENT_REVOKED,CONSENT_REVOKED,CONSENT_REVOKED,CONSENT_REVOKED,CONSENT_REVOKED,CONSENT_REVOKED,CONSENT_REVOKED,CONSENT_REVOKED,Not Applicable
6357c6703bd83aa2f2aac6cf,5e230311699ac45b327786dc,RETURNED,2022-10-25T11:20:19.473000Z,,,,,,4882,CONSENT_REVOKED,CONSENT_REVOKED,CONSENT_REVOKED,CONSENT_REVOKED,CONSENT_REVOKED,CONSENT_REVOKED,CONSENT_REVOKED,CONSENT_REVOKED,CONSENT_REVOKED,CONSENT_REVOKED,Not Applicable
6357c69105b3325416d62dcb,608bfa04767191aa4d57bfd8,RETURNED,2022-10-25T11:20:49.324000Z,,,,,,12517,CONSENT_REVOKED,CONSENT_REVOKED,CONSENT_REVOKED,CONSENT_REVOKED,CONSENT_REVOKED,CONSENT_REVOKED,CONSENT_REVOKED,CONSENT_REVOKED,CONSENT_REVOKED,CONSENT_REVOKED,Not Applicable
6357c6a9b008f06f35a0b8a0,5622e62bed6e5a0011c807b3,RETURNED,2022-10-25T11:21:16.479000Z,,,,,,6566,CONSENT_REVOKED,CONSENT_REVOKED,CONSENT_REVOKED,CONSENT_REVOKED,CONSENT_REVOKED,CONSENT_REVOKED,CONSENT_REVOKED,CONSENT_REVOKED,CONSENT_REVOKED,CONSENT_REVOKED,Not Applicable
6357c6bc7d179283c9805867,5f8f05773fdd230f04057241,RETURNED,2022-10-25T11:21:36.452000Z,,,,,,3485,CONSENT_REVOKED,CONSENT_REVOKED,CONSENT_REVOKED,CONSENT_REVOKED,CONSENT_REVOKED,CONSENT_REVOKED,CONSENT_REVOKED,CONSENT_REVOKED,CONSENT_REVOKED,CONSENT_REVOKED,Not Applicable
6357c6e854d0f4898583c0be,5f636ecb4ea0bf03d640028f,RETURNED,2022-10-25T11:22:21.870000Z,,,,,,7940,CONSENT_REVOKED,CONSENT_REVOKED,CONSENT_REVOKED,CONSENT_REVOKED,CONSENT_REVOKED,CONSENT_REVOKED,CONSENT_REVOKED,CONSENT_REVOKED,CONSENT_REVOKED,CONSENT_REVOKED,Not Applicable
6357c7111d83cd587b4d8a23,5bb9ed46ecdd5e0001603021,RETURNED,2022-10-25T11:23:01.705000Z,,,,,,6837,CONSENT_REVOKED,CONSENT_REVOKED,CONSENT_REVOKED,CONSENT_REVOKED,CONSENT_REVOKED,CONSENT_REVOKED,CONSENT_REVOKED,CONSENT_REVOKED,CONSENT_REVOKED,CONSENT_REVOKED,Not Applicable
6357c787fa22b6c6f47750ce,5bfadc1846911f0001d7d1eb,RETURNED,2022-10-25T11:24:58.142000Z,,,,,,3635,CONSENT_REVOKED,CONSENT_REVOKED,CONSENT_REVOKED,CONSENT_REVOKED,CONSENT_REVOKED,CONSENT_REVOKED,CONSENT_REVOKED,CONSENT_REVOKED,CONSENT_REVOKED,CONSENT_REVOKED,Not Applicable
6357c801b2d04586845f0c1b,5c237be889f035000173c96c,RETURNED,2022-10-25T11:27:57.405000Z,,,,,,7914,CONSENT_REVOKED,CONSENT_REVOKED,CONSENT_REVOKED,CONSENT_REVOKED,CONSENT_REVOKED,CONSENT_REVOKED,CONSENT_REVOKED,CONSENT_REVOKED,CONSENT_REVOKED,CONSENT_REVOKED,Not Applicable
6357c81f66350a24116a81af,60da85dbae74ca4d3619b17c,RETURNED,2022-10-25T11:27:33.125000Z,,,,,,962,CONSENT_REVOKED,CONSENT_REVOKED,CONSENT_REVOKED,CONSENT_REVOKED,CONSENT_REVOKED,CONSENT_REVOKED,CONSENT_REVOKED,CONSENT_REVOKED,CONSENT_REVOKED,CONSENT_REVOKED,Not Applicable
6357c82a53713ffe3071b958,5fc521555cd05b000cfe0998,RETURNED,2022-10-25T11:27:40.574000Z,,,,,,10583,CONSENT_REVOKED,CONSENT_REVOKED,CONSENT_REVOKED,CONSENT_REVOKED,CONSENT_REVOKED,CONSENT_REVOKED,CONSENT_REVOKED,CONSENT_REVOKED,CONSENT_REVOKED,CONSENT_REVOKED,Not Applicable
6357c8de4db2cd19ab2f835d,62e7c7dfe2d1a825e4e88dec,RETURNED,2022-10-25T11:30:45.046000Z,,,,,,1123,CONSENT_REVOKED,CONSENT_REVOKED,CONSENT_REVOKED,CONSENT_REVOKED,CONSENT_REVOKED,CONSENT_REVOKED,CONSENT_REVOKED,CONSENT_REVOKED,CONSENT_REVOKED,CONSENT_REVOKED,Not Applicable
6357c975230b42c45286ce34,5dd3bfcd8b8df139ce007928,RETURNED,2022-10-25T11:33:11.703000Z,,,,,,9170,CONSENT_REVOKED,CONSENT_REVOKED,CONSENT_REVOKED,CONSENT_REVOKED,CONSENT_REVOKED,CONSENT_REVOKED,CONSENT_REVOKED,CONSENT_REVOKED,CONSENT_REVOKED,CONSENT_REVOKED,Not Applicable
6357ca2c6d13dc21b19c0809,62c2da4e711cf6806c5f89a2,RETURNED,2022-10-25T11:36:15.149000Z,,,,,,808,CONSENT_REVOKED,CONSENT_REVOKED,CONSENT_REVOKED,CONSENT_REVOKED,CONSENT_REVOKED,CONSENT_REVOKED,CONSENT_REVOKED,CONSENT_REVOKED,CONSENT_REVOKED,CONSENT_REVOKED,Not Applicable
6357ca302a79fb77b06a81bd,628fde22d960fa7a63fb231d,RETURNED,2022-10-25T11:36:20.304000Z,,,,,,5426,CONSENT_REVOKED,CONSENT_REVOKED,CONSENT_REVOKED,CONSENT_REVOKED,CONSENT_REVOKED,CONSENT_REVOKED,CONSENT_REVOKED,CONSENT_REVOKED,CONSENT_REVOKED,CONSENT_REVOKED,Not Applicable
6357cc839544643822a83dbf,614f6bad672ef7cf5ecfd965,RETURNED,2022-10-25T11:46:11.375000Z,,,,,,10584,CONSENT_REVOKED,CONSENT_REVOKED,CONSENT_REVOKED,CONSENT_REVOKED,CONSENT_REVOKED,CONSENT_REVOKED,CONSENT_REVOKED,CONSENT_REVOKED,CONSENT_REVOKED,CONSENT_REVOKED,Not Applicable
6357d3486779a3dba632e58b,6100372e3a116cb5cb36ebea,RETURNED,2022-10-25T12:26:00.022000Z,,,,,,2276,CONSENT_REVOKED,CONSENT_REVOKED,CONSENT_REVOKED,CONSENT_REVOKED,CONSENT_REVOKED,CONSENT_REVOKED,CONSENT_REVOKED,CONSENT_REVOKED,CONSENT_REVOKED,CONSENT_REVOKED,Not Applicable
