"item","k","expected_vocab","pct_of_full_vocab"
"contractualist01",2,27.196,0.0954245614035088
"contractualist01",3,39.334,0.138014035087719
"contractualist01",4,51.91,0.182140350877193
"contractualist01",5,62.792,0.220322807017544
"contractualist01",6,74.892,0.262778947368421
"contractualist01",7,84.956,0.298091228070175
"contractualist01",8,97.046,0.340512280701754
"contractualist01",9,106.348,0.373150877192982
"contractualist01",10,114.78,0.402736842105263
"contractualist01",11,127.622,0.44779649122807
"contractualist01",12,134.91,0.473368421052632
"contractualist01",13,144.504,0.507031578947368
"contractualist01",14,155.456,0.545459649122807
"contractualist01",15,163.394,0.573312280701754
"contractualist01",16,171.376,0.601319298245614
"contractualist01",17,180.124,0.632014035087719
"contractualist01",18,191.24,0.671017543859649
"contractualist01",19,199.314,0.699347368421053
"contractualist01",20,206.644,0.725066666666667
"contractualist01",21,214.842,0.753831578947369
"contractualist01",22,223.576,0.784477192982456
"contractualist01",23,230.406,0.808442105263158
"contractualist01",24,240.402,0.843515789473684
"contractualist01",25,246.996,0.866652631578947
"contractualist01",26,254.666,0.893564912280702
"contractualist01",27,262.23,0.920105263157895
"contractualist01",28,270.186,0.948021052631579
"contractualist01",29,277.62,0.974105263157895
"contractualist01",30,285,1
"contractualist02",2,35.42,0.116897689768977
"contractualist02",3,50.222,0.165749174917492
"contractualist02",4,65.668,0.216726072607261
"contractualist02",5,80.126,0.264442244224422
"contractualist02",6,94.544,0.312026402640264
"contractualist02",7,107.4,0.354455445544554
"contractualist02",8,121.658,0.401511551155115
"contractualist02",9,135.702,0.447861386138614
"contractualist02",10,148.596,0.490415841584158
"contractualist02",11,160.23,0.528811881188119
"contractualist02",12,173.432,0.572382838283828
"contractualist02",13,185.584,0.612488448844885
"contractualist02",14,197.636,0.65226402640264
"contractualist02",15,207.844,0.685953795379538
"contractualist02",16,218.868,0.722336633663366
"contractualist02",17,230.698,0.761379537953795
"contractualist02",18,242.53,0.80042904290429
"contractualist02",19,251.964,0.831564356435644
"contractualist02",20,262.09,0.864983498349835
"contractualist02",21,272.338,0.898805280528053
"contractualist02",22,282.88,0.933597359735974
"contractualist02",23,293.196,0.967643564356436
"contractualist02",24,303,1
"contractualist03",2,42.55,0.0941371681415929
"contractualist03",3,63.93,0.141438053097345
"contractualist03",4,84.112,0.186088495575221
"contractualist03",5,97.68,0.216106194690266
"contractualist03",6,116.05,0.256747787610619
"contractualist03",7,134.882,0.298411504424779
"contractualist03",8,148.69,0.32896017699115
"contractualist03",9,166.392,0.36812389380531
"contractualist03",10,180.834,0.400075221238938
"contractualist03",11,196.29,0.434269911504425
"contractualist03",12,208.714,0.461756637168142
"contractualist03",13,221.972,0.491088495575221
"contractualist03",14,235.998,0.522119469026549
"contractualist03",15,248.814,0.550473451327434
"contractualist03",16,264.566,0.585323008849557
"contractualist03",17,277.696,0.614371681415929
"contractualist03",18,286.348,0.633513274336283
"contractualist03",19,299.478,0.662561946902655
"contractualist03",20,312.708,0.69183185840708
"contractualist03",21,325.89,0.720995575221239
"contractualist03",22,335.716,0.742734513274336
"contractualist03",23,347.868,0.769619469026549
"contractualist03",24,359.024,0.794300884955752
"contractualist03",25,368.366,0.814969026548673
"contractualist03",26,380.95,0.842809734513274
"contractualist03",27,390.826,0.864659292035398
"contractualist03",28,400.344,0.885716814159292
"contractualist03",29,411.094,0.9095
"contractualist03",30,422.42,0.934557522123894
"contractualist03",31,431.998,0.955747787610619
"contractualist03",32,442.77,0.979579646017699
"contractualist03",33,452,1
"contractualist04",2,30.542,0.123153225806452
"contractualist04",3,44.77,0.180524193548387
"contractualist04",4,57.908,0.2335
"contractualist04",5,70.91,0.285927419354839
"contractualist04",6,82.662,0.333314516129032
"contractualist04",7,94.394,0.380620967741935
"contractualist04",8,105.532,0.425532258064516
"contractualist04",9,117.79,0.474959677419355
"contractualist04",10,127.81,0.515362903225806
"contractualist04",11,139.25,0.561491935483871
"contractualist04",12,147.878,0.596282258064516
"contractualist04",13,158.048,0.637290322580645
"contractualist04",14,169.242,0.682427419354839
"contractualist04",15,178.426,0.719459677419355
"contractualist04",16,187.382,0.755572580645161
"contractualist04",17,196.612,0.792790322580645
"contractualist04",18,205.904,0.830258064516129
"contractualist04",19,214.362,0.864362903225806
"contractualist04",20,222.608,0.897612903225806
"contractualist04",21,232.19,0.93625
"contractualist04",22,239.714,0.966588709677419
"contractualist04",23,248,1
"contractualist06",2,39.358,0.0959951219512195
"contractualist06",3,56.728,0.138360975609756
"contractualist06",4,73.386,0.178990243902439
"contractualist06",5,89.096,0.217307317073171
"contractualist06",6,105.286,0.25679512195122
"contractualist06",7,122.214,0.298082926829268
"contractualist06",8,133.676,0.326039024390244
"contractualist06",9,148.786,0.362892682926829
"contractualist06",10,163.386,0.39850243902439
"contractualist06",11,176.584,0.430692682926829
"contractualist06",12,192.626,0.469819512195122
"contractualist06",13,203.194,0.495595121951219
"contractualist06",14,214.802,0.523907317073171
"contractualist06",15,230.632,0.562517073170732
"contractualist06",16,239.25,0.583536585365854
"contractualist06",17,252.842,0.616687804878049
"contractualist06",18,265.844,0.6484
"contractualist06",19,278.352,0.678907317073171
"contractualist06",20,286.996,0.699990243902439
"contractualist06",21,298.622,0.728346341463415
"contractualist06",22,309.388,0.75460487804878
"contractualist06",23,320.042,0.780590243902439
"contractualist06",24,330.142,0.805224390243902
"contractualist06",25,343.64,0.838146341463415
"contractualist06",26,350.854,0.855741463414634
"contractualist06",27,360.364,0.878936585365854
"contractualist06",28,371.846,0.906941463414634
"contractualist06",29,381.528,0.930556097560976
"contractualist06",30,390.576,0.952624390243902
"contractualist06",31,400.71,0.977341463414634
"contractualist06",32,410,1
"deontology01",2,39.15,0.09
"deontology01",3,60.49,0.139057471264368
"deontology01",4,77.428,0.177995402298851
"deontology01",5,91.15,0.209540229885057
"deontology01",6,107.392,0.24687816091954
"deontology01",7,124.212,0.285544827586207
"deontology01",8,140.132,0.322142528735632
"deontology01",9,153.114,0.351986206896552
"deontology01",10,168.266,0.386818390804598
"deontology01",11,184.492,0.424119540229885
"deontology01",12,195.286,0.448933333333333
"deontology01",13,209.294,0.481135632183908
"deontology01",14,217.694,0.500445977011494
"deontology01",15,239.854,0.551388505747127
"deontology01",16,250.616,0.576128735632184
"deontology01",17,260.6,0.599080459770115
"deontology01",18,271.412,0.623935632183908
"deontology01",19,284.544,0.654124137931034
"deontology01",20,296.496,0.6816
"deontology01",21,307.792,0.707567816091954
"deontology01",22,316.512,0.727613793103448
"deontology01",23,330.784,0.760422988505747
"deontology01",24,339.058,0.77944367816092
"deontology01",25,351.29,0.807563218390805
"deontology01",26,363.36,0.835310344827586
"deontology01",27,374.622,0.8612
"deontology01",28,381.446,0.876887356321839
"deontology01",29,393.724,0.905112643678161
"deontology01",30,403.344,0.927227586206896
"deontology01",31,415.608,0.955420689655172
"deontology01",32,425.776,0.978795402298851
"deontology01",33,435,1
"deontology02",2,38.208,0.0952817955112219
"deontology02",3,56.086,0.139865336658354
"deontology02",4,71.854,0.179187032418953
"deontology02",5,87.9,0.219201995012469
"deontology02",6,105.206,0.262359102244389
"deontology02",7,116.452,0.290403990024938
"deontology02",8,133.044,0.331780548628429
"deontology02",9,145.816,0.363630922693267
"deontology02",10,157.746,0.393381546134663
"deontology02",11,172.82,0.430972568578554
"deontology02",12,185.588,0.462812967581047
"deontology02",13,199.756,0.49814463840399
"deontology02",14,209.64,0.522793017456359
"deontology02",15,220.028,0.54869825436409
"deontology02",16,233.482,0.582249376558604
"deontology02",17,244.636,0.610064837905237
"deontology02",18,255.476,0.637097256857855
"deontology02",19,265.236,0.661436408977556
"deontology02",20,277.208,0.691291770573566
"deontology02",21,289.108,0.720967581047382
"deontology02",22,297.678,0.742339152119701
"deontology02",23,307.842,0.76768578553616
"deontology02",24,317.148,0.790892768079801
"deontology02",25,327.89,0.817680798004987
"deontology02",26,337.174,0.840832917705736
"deontology02",27,346.742,0.864693266832918
"deontology02",28,355.832,0.887361596009975
"deontology02",29,365.446,0.911336658354115
"deontology02",30,374.176,0.9331072319202
"deontology02",31,383.538,0.956453865336658
"deontology02",32,392.18,0.978004987531172
"deontology02",33,401,1
"deontology03",2,33.13,0.100090634441088
"deontology03",3,48.266,0.145818731117825
"deontology03",4,61.338,0.185311178247734
"deontology03",5,75.68,0.228640483383686
"deontology03",6,88.318,0.266821752265861
"deontology03",7,102.248,0.308906344410876
"deontology03",8,114.936,0.347238670694864
"deontology03",9,127.2,0.38429003021148
"deontology03",10,137.51,0.415438066465257
"deontology03",11,149.424,0.451432024169184
"deontology03",12,161.87,0.489033232628399
"deontology03",13,172.176,0.52016918429003
"deontology03",14,183.096,0.553160120845921
"deontology03",15,192.438,0.581383685800604
"deontology03",16,201.426,0.608537764350453
"deontology03",17,214.58,0.648277945619335
"deontology03",18,223.794,0.676114803625378
"deontology03",19,234.198,0.707546827794562
"deontology03",20,242.212,0.7317583081571
"deontology03",21,252.106,0.761649546827795
"deontology03",22,260.13,0.785891238670695
"deontology03",23,269.028,0.812773413897281
"deontology03",24,279.488,0.844374622356496
"deontology03",25,288.886,0.872767371601209
"deontology03",26,297.172,0.897800604229607
"deontology03",27,305.304,0.922368580060423
"deontology03",28,314.126,0.949021148036254
"deontology03",29,322.794,0.975208459214501
"deontology03",30,331,1
"deontology04",2,38.364,0.0924433734939759
"deontology04",3,55.872,0.134631325301205
"deontology04",4,73.302,0.176631325301205
"deontology04",5,88.586,0.213460240963855
"deontology04",6,107.356,0.258689156626506
"deontology04",7,118.486,0.28550843373494
"deontology04",8,135.734,0.327069879518072
"deontology04",9,151.296,0.364568674698795
"deontology04",10,162.596,0.391797590361446
"deontology04",11,178.496,0.430110843373494
"deontology04",12,194.606,0.468930120481928
"deontology04",13,207.606,0.500255421686747
"deontology04",14,216.184,0.520925301204819
"deontology04",15,235.972,0.568607228915663
"deontology04",16,242.078,0.583320481927711
"deontology04",17,254.964,0.61437108433735
"deontology04",18,267.824,0.645359036144578
"deontology04",19,276.448,0.666139759036145
"deontology04",20,291.572,0.70258313253012
"deontology04",21,301.332,0.726101204819277
"deontology04",22,311.17,0.749807228915663
"deontology04",23,322.944,0.778178313253012
"deontology04",24,332.668,0.801609638554217
"deontology04",25,347.664,0.837744578313253
"deontology04",26,357.174,0.860660240963855
"deontology04",27,366.328,0.882718072289157
"deontology04",28,376.598,0.907465060240964
"deontology04",29,385.712,0.929426506024096
"deontology04",30,395.002,0.951812048192771
"deontology04",31,405.652,0.977474698795181
"deontology04",32,415,1
"deontology05",2,30.218,0.0977928802588997
"deontology05",3,45.458,0.147113268608414
"deontology05",4,59.272,0.191818770226537
"deontology05",5,71.268,0.230640776699029
"deontology05",6,85.5,0.276699029126214
"deontology05",7,96.468,0.312194174757282
"deontology05",8,108.622,0.351527508090615
"deontology05",9,120.972,0.391495145631068
"deontology05",10,131.29,0.424886731391586
"deontology05",11,142.374,0.460757281553398
"deontology05",12,155.894,0.504511326860841
"deontology05",13,164.136,0.531184466019417
"deontology05",14,172.844,0.55936569579288
"deontology05",15,183.814,0.594867313915858
"deontology05",16,194.64,0.629902912621359
"deontology05",17,205.402,0.66473139158576
"deontology05",18,213.694,0.691566343042071
"deontology05",19,223.864,0.724478964401295
"deontology05",20,231.8,0.750161812297735
"deontology05",21,239.958,0.776563106796117
"deontology05",22,250.222,0.809779935275081
"deontology05",23,258.372,0.836155339805825
"deontology05",24,267.558,0.865883495145631
"deontology05",25,276.036,0.893320388349515
"deontology05",26,284.152,0.919585760517799
"deontology05",27,292.68,0.947184466019418
"deontology05",28,301.174,0.974673139158576
"deontology05",29,309,1
"deontology07",2,28.85,0.0910094637223975
"deontology07",3,42.46,0.133943217665615
"deontology07",4,55.094,0.17379810725552
"deontology07",5,67.434,0.212725552050473
"deontology07",6,78.696,0.248252365930599
"deontology07",7,90.528,0.285577287066246
"deontology07",8,101.59,0.320473186119874
"deontology07",9,111.75,0.352523659305994
"deontology07",10,124.702,0.393381703470032
"deontology07",11,132.642,0.418429022082019
"deontology07",12,144.18,0.454826498422713
"deontology07",13,154.544,0.487520504731861
"deontology07",14,166.314,0.524649842271293
"deontology07",15,175.04,0.55217665615142
"deontology07",16,183.472,0.578776025236593
"deontology07",17,193.74,0.611167192429022
"deontology07",18,200.914,0.63379810725552
"deontology07",19,210.376,0.663646687697161
"deontology07",20,219.692,0.693034700315457
"deontology07",21,229.344,0.723482649842271
"deontology07",22,238.186,0.751375394321767
"deontology07",23,245.234,0.773608832807571
"deontology07",24,254.466,0.802731861198738
"deontology07",25,262.454,0.827930599369085
"deontology07",26,271.24,0.855646687697161
"deontology07",27,278.1,0.877287066246057
"deontology07",28,286.96,0.905236593059937
"deontology07",29,294.7,0.929652996845426
"deontology07",30,302.284,0.953577287066246
"deontology07",31,309.452,0.97618927444795
"deontology07",32,317,1
"deontology08",2,37.44,0.0765644171779141
"deontology08",3,55.47,0.113435582822086
"deontology08",4,73.092,0.149472392638037
"deontology08",5,88.368,0.180711656441718
"deontology08",6,105.216,0.215165644171779
"deontology08",7,122.802,0.251128834355828
"deontology08",8,136.714,0.27957873210634
"deontology08",9,152.554,0.311971370143149
"deontology08",10,163.274,0.333893660531697
"deontology08",11,182.48,0.373169734151329
"deontology08",12,192.964,0.394609406952965
"deontology08",13,207.576,0.424490797546012
"deontology08",14,224.31,0.458711656441718
"deontology08",15,230.81,0.47200408997955
"deontology08",16,246.7,0.504498977505112
"deontology08",17,258.57,0.528773006134969
"deontology08",18,271.382,0.554973415132924
"deontology08",19,282.584,0.577881390593047
"deontology08",20,295.112,0.603501022494888
"deontology08",21,308.982,0.631865030674847
"deontology08",22,319.39,0.653149284253579
"deontology08",23,330.42,0.675705521472393
"deontology08",24,342.878,0.70118200408998
"deontology08",25,353.142,0.722171779141104
"deontology08",26,366.852,0.750208588957055
"deontology08",27,379.442,0.775955010224949
"deontology08",28,389.084,0.795672801635992
"deontology08",29,397.346,0.812568507157464
"deontology08",30,407.152,0.832621676891615
"deontology08",31,416.918,0.852593047034765
"deontology08",32,429.47,0.878261758691207
"deontology08",33,441.246,0.902343558282209
"deontology08",34,449.774,0.919783231083845
"deontology08",35,458.948,0.938543967280164
"deontology08",36,469.434,0.95998773006135
"deontology08",37,478.946,0.979439672801636
"deontology08",38,489,1
"deontology09",2,48.89,0.0999795501022495
"deontology09",3,70.93,0.145051124744376
"deontology09",4,92.49,0.189141104294479
"deontology09",5,115.586,0.236372188139059
"deontology09",6,132.564,0.271092024539877
"deontology09",7,153.344,0.31358691206544
"deontology09",8,172.17,0.352085889570552
"deontology09",9,191.822,0.392274028629857
"deontology09",10,206.99,0.423292433537832
"deontology09",11,225.118,0.460364008179959
"deontology09",12,238.37,0.487464212678937
"deontology09",13,260.07,0.531840490797546
"deontology09",14,276.566,0.565574642126789
"deontology09",15,293.622,0.600453987730061
"deontology09",16,306.15,0.626073619631902
"deontology09",17,321.968,0.658421267893661
"deontology09",18,338.89,0.693026584867076
"deontology09",19,352.738,0.721345603271984
"deontology09",20,367.302,0.751128834355828
"deontology09",21,377.92,0.772842535787321
"deontology09",22,395.974,0.809762781186094
"deontology09",23,411.714,0.841950920245399
"deontology09",24,423.076,0.86518609406953
"deontology09",25,436.328,0.892286298568507
"deontology09",26,448.704,0.91759509202454
"deontology09",27,463.322,0.947488752556237
"deontology09",28,476.952,0.975361963190184
"deontology09",29,489,1
"hedonism01",2,37.432,0.0778212058212058
"hedonism01",3,56.414,0.117284823284823
"hedonism01",4,72.816,0.151384615384615
"hedonism01",5,88.858,0.184735966735967
"hedonism01",6,104.594,0.217451143451143
"hedonism01",7,121.168,0.251908523908524
"hedonism01",8,135.206,0.281093555093555
"hedonism01",9,150.948,0.313821205821206
"hedonism01",10,162.186,0.337185031185031
"hedonism01",11,178.376,0.370844074844075
"hedonism01",12,191.182,0.397467775467775
"hedonism01",13,202.4,0.420790020790021
"hedonism01",14,216.024,0.449114345114345
"hedonism01",15,227.388,0.472740124740125
"hedonism01",16,238.626,0.49610395010395
"hedonism01",17,253.322,0.526656964656965
"hedonism01",18,264.438,0.549767151767152
"hedonism01",19,274.486,0.570656964656965
"hedonism01",20,281.788,0.585837837837838
"hedonism01",21,298.728,0.621056133056133
"hedonism01",22,306.832,0.637904365904366
"hedonism01",23,319.218,0.663654885654886
"hedonism01",24,329.978,0.686024948024948
"hedonism01",25,339.98,0.706819126819127
"hedonism01",26,350.896,0.729513513513514
"hedonism01",27,360.132,0.748715176715177
"hedonism01",28,370.796,0.770885654885655
"hedonism01",29,381.39,0.792910602910603
"hedonism01",30,391.532,0.813995841995842
"hedonism01",31,398.988,0.829496881496881
"hedonism01",32,409.472,0.851293139293139
"hedonism01",33,419.782,0.872727650727651
"hedonism01",34,426.406,0.88649896049896
"hedonism01",35,437.258,0.909060291060291
"hedonism01",36,446.684,0.928656964656965
"hedonism01",37,454.536,0.944981288981289
"hedonism01",38,463.498,0.963613305613306
"hedonism01",39,472.68,0.982702702702703
"hedonism01",40,481,1
"hedonism02",2,32.576,0.113505226480836
"hedonism02",3,46.858,0.163268292682927
"hedonism02",4,62.986,0.219463414634146
"hedonism02",5,75.208,0.262048780487805
"hedonism02",6,91.224,0.317853658536585
"hedonism02",7,101.872,0.354954703832753
"hedonism02",8,116.01,0.404216027874564
"hedonism02",9,128.956,0.449324041811847
"hedonism02",10,141.01,0.491324041811847
"hedonism02",11,152.128,0.530062717770035
"hedonism02",12,162.724,0.566982578397213
"hedonism02",13,174.76,0.608919860627178
"hedonism02",14,188.038,0.655184668989547
"hedonism02",15,198.028,0.689993031358885
"hedonism02",16,208.642,0.726975609756098
"hedonism02",17,217.718,0.758599303135888
"hedonism02",18,229.08,0.798188153310105
"hedonism02",19,238.888,0.832362369337979
"hedonism02",20,248.336,0.865282229965157
"hedonism02",21,258.754,0.901581881533101
"hedonism02",22,269.136,0.937756097560976
"hedonism02",23,277.676,0.967512195121951
"hedonism02",24,287,1
"hedonism03",2,35.598,0.101418803418803
"hedonism03",3,52.616,0.149903133903134
"hedonism03",4,68.542,0.195276353276353
"hedonism03",5,83.746,0.238592592592593
"hedonism03",6,96.786,0.27574358974359
"hedonism03",7,110.716,0.315430199430199
"hedonism03",8,123.946,0.353122507122507
"hedonism03",9,136.462,0.388780626780627
"hedonism03",10,147.726,0.420871794871795
"hedonism03",11,162.108,0.461846153846154
"hedonism03",12,173.482,0.494250712250712
"hedonism03",13,185.868,0.529538461538462
"hedonism03",14,197.844,0.56365811965812
"hedonism03",15,207.036,0.589846153846154
"hedonism03",16,218.14,0.621481481481481
"hedonism03",17,229.148,0.652843304843305
"hedonism03",18,238.144,0.678472934472934
"hedonism03",19,248.83,0.708917378917379
"hedonism03",20,258.852,0.737470085470085
"hedonism03",21,269.564,0.767988603988604
"hedonism03",22,278.496,0.793435897435897
"hedonism03",23,287.868,0.820136752136752
"hedonism03",24,298.208,0.849595441595442
"hedonism03",25,307.19,0.875185185185185
"hedonism03",26,317.078,0.903356125356125
"hedonism03",27,325.03,0.926011396011396
"hedonism03",28,333.652,0.950575498575499
"hedonism03",29,342.62,0.976125356125356
"hedonism03",30,351,1
"hedonism07",2,35.882,0.0975054347826087
"hedonism07",3,48.968,0.133065217391304
"hedonism07",4,66.896,0.181782608695652
"hedonism07",5,83.33,0.226440217391304
"hedonism07",6,95.788,0.26029347826087
"hedonism07",7,106.832,0.290304347826087
"hedonism07",8,124.084,0.337184782608696
"hedonism07",9,137.124,0.372619565217391
"hedonism07",10,151.52,0.411739130434783
"hedonism07",11,160.52,0.436195652173913
"hedonism07",12,171.478,0.465972826086957
"hedonism07",13,185.006,0.502733695652174
"hedonism07",14,196.458,0.533853260869565
"hedonism07",15,203.29,0.55241847826087
"hedonism07",16,216.768,0.58904347826087
"hedonism07",17,230.362,0.625983695652174
"hedonism07",18,237.986,0.646701086956522
"hedonism07",19,248.938,0.676461956521739
"hedonism07",20,258.318,0.701951086956522
"hedonism07",21,268.39,0.729320652173913
"hedonism07",22,280.17,0.76133152173913
"hedonism07",23,289.1,0.785597826086957
"hedonism07",24,297.394,0.808135869565217
"hedonism07",25,306.964,0.834141304347826
"hedonism07",26,315.124,0.856315217391304
"hedonism07",27,323.672,0.87954347826087
"hedonism07",28,334.528,0.90904347826087
"hedonism07",29,342.496,0.930695652173913
"hedonism07",30,350.558,0.952603260869565
"hedonism07",31,359.272,0.976282608695652
"hedonism07",32,368,1
"hedonism08",2,41.038,0.104688775510204
"hedonism08",3,58.696,0.149734693877551
"hedonism08",4,75.704,0.193122448979592
"hedonism08",5,92.668,0.236397959183673
"hedonism08",6,107.432,0.274061224489796
"hedonism08",7,122.126,0.311545918367347
"hedonism08",8,137.264,0.350163265306122
"hedonism08",9,149.538,0.381474489795918
"hedonism08",10,164.474,0.419576530612245
"hedonism08",11,175.532,0.447785714285714
"hedonism08",12,187.646,0.478688775510204
"hedonism08",13,200.128,0.510530612244898
"hedonism08",14,213.24,0.543979591836735
"hedonism08",15,221.364,0.564704081632653
"hedonism08",16,235.59,0.600994897959184
"hedonism08",17,245.9,0.627295918367347
"hedonism08",18,257.638,0.657239795918367
"hedonism08",19,265.898,0.678311224489796
"hedonism08",20,276.644,0.705724489795918
"hedonism08",21,289.652,0.738908163265306
"hedonism08",22,297.226,0.758229591836735
"hedonism08",23,308.184,0.786183673469388
"hedonism08",24,318.144,0.811591836734694
"hedonism08",25,327.888,0.836448979591837
"hedonism08",26,337.47,0.860892857142857
"hedonism08",27,348.16,0.888163265306123
"hedonism08",28,355.732,0.907479591836735
"hedonism08",29,365.126,0.93144387755102
"hedonism08",30,374.2,0.954591836734694
"hedonism08",31,382.79,0.976505102040816
"hedonism08",32,392,1
"utilitarian01",2,30.772,0.0995857605177994
"utilitarian01",3,45.468,0.147145631067961
"utilitarian01",4,58.894,0.190595469255663
"utilitarian01",5,72.094,0.233313915857605
"utilitarian01",6,85.322,0.276122977346278
"utilitarian01",7,97.116,0.314291262135922
"utilitarian01",8,109.594,0.354673139158576
"utilitarian01",9,120.764,0.390822006472492
"utilitarian01",10,133.298,0.431385113268608
"utilitarian01",11,143.008,0.462809061488673
"utilitarian01",12,154.926,0.501378640776699
"utilitarian01",13,165.728,0.536336569579288
"utilitarian01",14,175.382,0.56757928802589
"utilitarian01",15,186.038,0.602064724919094
"utilitarian01",16,196.968,0.637436893203883
"utilitarian01",17,207.452,0.67136569579288
"utilitarian01",18,217.996,0.705488673139159
"utilitarian01",19,225.99,0.731359223300971
"utilitarian01",20,235.94,0.763559870550162
"utilitarian01",21,246.062,0.79631715210356
"utilitarian01",22,255.502,0.826867313915858
"utilitarian01",23,264.802,0.856964401294498
"utilitarian01",24,273.912,0.886446601941748
"utilitarian01",25,282.95,0.915695792880259
"utilitarian01",26,291.754,0.944187702265372
"utilitarian01",27,299.93,0.970647249190939
"utilitarian01",28,309,1
"virtue01",2,31.03,0.110427046263345
"virtue01",3,45.04,0.160284697508897
"virtue01",4,59.65,0.212277580071174
"virtue01",5,73.636,0.262049822064057
"virtue01",6,86.728,0.308640569395018
"virtue01",7,97.434,0.346740213523132
"virtue01",8,111.818,0.397928825622776
"virtue01",9,123.148,0.438249110320285
"virtue01",10,132.878,0.472875444839858
"virtue01",11,144.27,0.513416370106762
"virtue01",12,154.566,0.550056939501779
"virtue01",13,164.784,0.586419928825623
"virtue01",14,176.276,0.627316725978648
"virtue01",15,185.318,0.659494661921708
"virtue01",16,195.76,0.696654804270463
"virtue01",17,207.632,0.738903914590747
"virtue01",18,215.506,0.766925266903915
"virtue01",19,225.932,0.80402846975089
"virtue01",20,234.472,0.834419928825623
"virtue01",21,244.558,0.870313167259786
"virtue01",22,253.898,0.903551601423488
"virtue01",23,263.222,0.936733096085409
"virtue01",24,271.568,0.966434163701068
"virtue01",25,281,1
"virtue09",2,36.548,0.0969442970822281
"virtue09",3,50.91,0.135039787798408
"virtue09",4,65.594,0.173989389920424
"virtue09",5,79.28,0.210291777188329
"virtue09",6,94.896,0.251713527851459
"virtue09",7,107.648,0.285538461538462
"virtue09",8,119.07,0.315835543766578
"virtue09",9,130.94,0.347320954907162
"virtue09",10,144.876,0.384286472148541
"virtue09",11,153.996,0.408477453580902
"virtue09",12,167.568,0.444477453580902
"virtue09",13,175.632,0.465867374005305
"virtue09",14,186.222,0.493957559681698
"virtue09",15,196.982,0.522498673740053
"virtue09",16,210.162,0.557458885941645
"virtue09",17,217.498,0.576917771883289
"virtue09",18,225.738,0.598774535809019
"virtue09",19,235.76,0.625358090185676
"virtue09",20,247.91,0.657586206896552
"virtue09",21,253.106,0.671368700265252
"virtue09",22,265.794,0.705023872679045
"virtue09",23,276.33,0.732970822281167
"virtue09",24,284.204,0.753856763925729
"virtue09",25,291.784,0.773962864721485
"virtue09",26,301.782,0.80048275862069
"virtue09",27,310.124,0.822610079575597
"virtue09",28,318.936,0.845984084880637
"virtue09",29,329.67,0.874456233421751
"virtue09",30,336.41,0.892334217506631
"virtue09",31,344.22,0.913050397877984
"virtue09",32,352.3,0.93448275862069
"virtue09",33,361.7,0.959416445623342
"virtue09",34,369.666,0.980546419098143
"virtue09",35,377,1
