Submission id,Participant id,Status,Started at,Completed at,Reviewed at,Archived at,Time taken,Completion code,Total approvals,Total rejections,Approval rate,Fluent languages,Age,Sex,Ethnicity simplified,Country of birth,Country of residence,Nationality,Language,Student status,Employment status,Custom study tncs accepted at
6337d8407a96c8c253c82e28,5ffb6a7ad424e65d160a44ea,APPROVED,2022-10-01T06:04:33.369000Z,2022-10-01T06:21:52.154000Z,2022-10-01T06:21:52.540000Z,2022-10-01T06:21:52.480134Z,1039.0,CSWUVDXK,421,1.0,100.0,English,31,Female,Asian,Vietnam,United States,United States,English,Yes,Other,
6337d89d80b3ce70151661b6,6150b569f783a47ea40a79a4,APPROVED,2022-10-01T06:05:22.606000Z,2022-10-01T06:28:09.965000Z,2022-10-01T06:28:10.604000Z,2022-10-01T06:28:10.548298Z,1368.0,CSWUVDXK,492,0.0,100.0,English,41,Male,Other,Puerto Rico,United States,United States,English,No,"Not in paid work (e.g. homemaker', 'retired or disabled)",
6337f7d0f398f7dbee2134be,5d100e740277ff00152f7562,RETURNED,2022-10-01T08:18:26.723000Z,,,2025-09-03T08:57:02.200951Z,,,7931,,,CONSENT_REVOKED,CONSENT_REVOKED,CONSENT_REVOKED,CONSENT_REVOKED,CONSENT_REVOKED,CONSENT_REVOKED,CONSENT_REVOKED,CONSENT_REVOKED,CONSENT_REVOKED,CONSENT_REVOKED,Not Applicable
6337fc33dd1225fcc64da8e5,630a8feaa8eef385f72dc1a5,APPROVED,2022-10-01T08:37:10.681000Z,2022-10-01T09:34:48.153000Z,2022-10-01T09:34:48.653000Z,2022-10-01T09:34:48.584388Z,3458.0,CSWUVDXK,167,1.0,100.0,"English, Urdu",34,Male,Asian,Pakistan,United States,United States,English,No,Full-Time,
6338026e569900fa976ffcc4,5fa4f94e535f3b1aa628e0ab,APPROVED,2022-10-01T09:03:42.117000Z,2022-10-01T09:21:47.295000Z,2022-10-01T09:21:47.797000Z,2022-10-01T09:21:47.710034Z,1086.0,CSWUVDXK,2327,5.0,100.0,"English, Vietnamese",29,Male,Asian,United States,United States,United States,Vietnamese,DATA_EXPIRED,DATA_EXPIRED,
6338039eb720b118501661e9,6119f072d0cc4321ea520759,APPROVED,2022-10-01T09:08:46.203000Z,2022-10-01T09:25:34.053000Z,2022-10-01T09:25:34.468000Z,2022-10-01T09:25:34.397012Z,1008.0,CSWUVDXK,98,0.0,100.0,English,22,Male,Asian,United States,United States,United States,English,No,Full-Time,
633803fb676ce7f69dce27eb,63162e1bbde3c4bb1d9d92a3,APPROVED,2022-10-01T09:10:22.699000Z,2022-10-01T09:25:20.274000Z,2022-10-01T09:25:20.785000Z,2022-10-01T09:25:20.720729Z,898.0,CSWUVDXK,138,0.0,100.0,English,33,Female,White,United States,United States,United States,English,No,"Not in paid work (e.g. homemaker', 'retired or disabled)",
6338040957b6204003717142,628e5f283594e1a48a04886f,APPROVED,2022-10-01T09:10:46.450000Z,2022-10-01T09:55:10.814000Z,2022-10-01T09:55:11.221000Z,2022-10-01T09:55:11.158234Z,2665.0,CSWUVDXK,842,0.0,100.0,English,31,Male,White,United States,United States,United States,English,No,Part-Time,
633804689cff80dd413d1199,580d5d1f357e890001dd14ce,APPROVED,2022-10-01T09:12:08.974000Z,2022-10-01T09:27:48.731000Z,2022-10-01T09:27:49.170000Z,2022-10-01T09:27:49.111242Z,940.0,CSWUVDXK,3943,10.0,100.0,English,39,Male,White,United States,United States,United States,English,No,"Not in paid work (e.g. homemaker', 'retired or disabled)",
6338048d046f449c39c119df,630fadc5c6bf2f6d623f5775,APPROVED,2022-10-01T09:12:48.328000Z,2022-10-01T09:30:55.226000Z,2022-10-01T09:30:55.610000Z,2022-10-01T09:30:55.545712Z,1087.0,CSWUVDXK,205,1.0,100.0,English,50,Male,White,United States,United States,United States,English,No,Full-Time,
633804a5e9a6e9b26fc410c6,5e3f4c676d06fc1b240e6021,APPROVED,2022-10-01T09:13:15.132000Z,2022-10-01T09:55:24.030000Z,2022-10-01T09:55:24.473000Z,2022-10-01T09:55:24.409890Z,2529.0,CSWUVDXK,3000,29.0,97.0,English,65,Male,White,United States,United States,United States,English,No,DATA_EXPIRED,
633804beb67bff3c086b1e0c,5a84f454ae9a0b0001a9e4e5,APPROVED,2022-10-01T09:13:34.782000Z,2022-10-01T09:46:52.377000Z,2022-10-01T09:46:52.813000Z,2022-10-01T09:46:52.749011Z,1998.0,CSWUVDXK,5083,4.0,100.0,English,46,Male,White,United States,United States,United States,English,No,Full-Time,
633804ccc57b0e0c4f4da8e9,5a3bdd2c8d005a0001829f3e,APPROVED,2022-10-01T09:13:48.188000Z,2022-10-01T09:30:12.624000Z,2022-10-01T09:30:13.068000Z,2022-10-01T09:30:13.003784Z,985.0,CSWUVDXK,3394,2.0,100.0,"English, Spanish",31,Male,Other,United States,United States,United States,English,No,Full-Time,
6338056ae228bbee6762b703,63221d55274aef20b4f533b6,APPROVED,2022-10-01T09:16:26.767000Z,2022-10-01T09:28:26.238000Z,2022-10-01T09:28:26.625000Z,2022-10-01T09:28:26.560970Z,720.0,CSWUVDXK,99,1.0,100.0,English,27,Male,Asian,Taiwan,United States,United States,English,No,Full-Time,
633805ed92293121ca8f250b,6040d59712739d02d03c6fb4,APPROVED,2022-10-01T09:19:27.089000Z,2022-10-01T09:57:29.224000Z,2022-10-01T09:57:29.653000Z,2022-10-01T09:57:29.593554Z,2283.0,CSWUVDXK,195,0.0,100.0,English,33,Female,Black,United States,United States,United States,English,No,Full-Time,
6338069b0c989b52373b818f,5f80bc44efa2c013099af460,APPROVED,2022-10-01T09:21:34.599000Z,2022-10-01T10:04:44.140000Z,2022-10-01T10:04:44.679000Z,2022-10-01T10:04:44.615838Z,2590.0,CSWUVDXK,2998,9.0,100.0,English,32,Male,White,United States,United States,United States,English,Yes,Full-Time,
6338077a7207732a0e62b6dc,62cb2fda77bec729c86fbbba,RETURNED,2022-10-01T09:28:27.997000Z,,,2025-09-03T08:57:02.203090Z,,,2065,,,CONSENT_REVOKED,CONSENT_REVOKED,CONSENT_REVOKED,CONSENT_REVOKED,CONSENT_REVOKED,CONSENT_REVOKED,CONSENT_REVOKED,CONSENT_REVOKED,CONSENT_REVOKED,CONSENT_REVOKED,Not Applicable
633807b5a4b148e2e3be0205,5f6e2f793c9b1032dbe72def,APPROVED,2022-10-01T09:26:38.964000Z,2022-10-01T09:57:19.014000Z,2022-10-01T09:57:19.417000Z,2022-10-01T09:57:19.360807Z,1841.0,CSWUVDXK,2505,6.0,100.0,English,42,Male,White,United States,United States,United States,English,No,Full-Time,
6338080fbbf7659538628645,60e8b06bfb1c78d450ae9f79,RETURNED,2022-10-01T09:38:00.042000Z,,,2025-09-03T08:57:02.211314Z,,,9875,,,CONSENT_REVOKED,CONSENT_REVOKED,CONSENT_REVOKED,CONSENT_REVOKED,CONSENT_REVOKED,CONSENT_REVOKED,CONSENT_REVOKED,CONSENT_REVOKED,CONSENT_REVOKED,CONSENT_REVOKED,Not Applicable
63380830c0a56ee76b4da904,5c0dbb9b9166290001253342,APPROVED,2022-10-01T09:28:20.503000Z,2022-10-01T10:29:29.195000Z,2022-10-01T10:29:29.621000Z,2022-10-01T10:29:29.563326Z,3669.0,CSWUVDXK,2689,3.0,100.0,English,47,Male,White,United States,United States,United States,English,No,Full-Time,
63380841f41ba40104be0199,60bd28cc95ab27d4f4f6ada3,RETURNED,2022-10-01T09:28:37.655000Z,,,2025-09-03T08:57:02.205792Z,,,9969,,,CONSENT_REVOKED,CONSENT_REVOKED,CONSENT_REVOKED,CONSENT_REVOKED,CONSENT_REVOKED,CONSENT_REVOKED,CONSENT_REVOKED,CONSENT_REVOKED,CONSENT_REVOKED,CONSENT_REVOKED,Not Applicable
6338089dcc4f6c4016d6ff36,5eac8b777b60c8129709fc10,RETURNED,2022-10-01T09:30:14.924000Z,,,2025-09-03T08:57:02.208699Z,,,8687,,,CONSENT_REVOKED,CONSENT_REVOKED,CONSENT_REVOKED,CONSENT_REVOKED,CONSENT_REVOKED,CONSENT_REVOKED,CONSENT_REVOKED,CONSENT_REVOKED,CONSENT_REVOKED,CONSENT_REVOKED,Not Applicable
633808cd57fc1d17b9068e0b,62fd0bc538d70b87550691f7,APPROVED,2022-10-01T09:30:59.378000Z,2022-10-01T10:14:12.338000Z,2022-10-01T10:14:12.821000Z,2022-10-01T10:14:12.759960Z,2593.0,CSWUVDXK,284,3.0,99.0,English,59,Male,Black,Nigeria,United States,United States,English,Yes,Full-Time,
633808fc7bd5359698c7206b,5898b6e256357700011c2c6b,APPROVED,2022-10-01T09:31:43.777000Z,2022-10-01T09:47:44.651000Z,2022-10-01T09:47:45.141000Z,2022-10-01T09:47:45.075384Z,961.0,CSWUVDXK,3968,61.0,95.0,"English, Spanish",65,Male,White,United States,United States,United States,English,No,Full-Time,
6338091df65bf0b3af8e8b78,631bf96cdf83ffb8f4a7fab8,RETURNED,2022-10-01T09:32:15.663000Z,,,2025-09-03T08:57:02.209171Z,,,3428,,,CONSENT_REVOKED,CONSENT_REVOKED,CONSENT_REVOKED,CONSENT_REVOKED,CONSENT_REVOKED,CONSENT_REVOKED,CONSENT_REVOKED,CONSENT_REVOKED,CONSENT_REVOKED,CONSENT_REVOKED,Not Applicable
6338096c875f92aac27e8d74,6300a8230671f0e8b0a7b0f4,APPROVED,2022-10-01T09:34:55.436000Z,2022-10-01T10:20:09.914000Z,2022-10-01T10:20:10.367000Z,2022-10-01T10:20:10.301095Z,2715.0,CSWUVDXK,135,1.0,100.0,English,37,Male,White,United States,United States,United States,English,No,"Not in paid work (e.g. homemaker', 'retired or disabled)",
633809b181b9a951833b81e0,5c365b5e8821900001b3876c,APPROVED,2022-10-01T09:34:43.849000Z,2022-10-01T10:09:12.097000Z,2022-10-01T10:09:12.552000Z,2022-10-01T10:09:12.491918Z,2069.0,CSWUVDXK,3244,6.0,100.0,English,62,Female,White,United States,United States,United States,English,No,"Not in paid work (e.g. homemaker', 'retired or disabled)",
633809e8abe47abd7e344a60,5d26b1a4c22768000166c809,APPROVED,2022-10-01T09:35:42.399000Z,2022-10-01T09:51:47.833000Z,2022-10-01T09:51:48.307000Z,2022-10-01T09:51:48.224645Z,966.0,CSWUVDXK,1658,17.0,98.0,English,35,Female,White,United States,United States,United States,English,Yes,Part-Time,
63380a6bda5d9f78928f2504,5c6d7db58f6257000148f61d,APPROVED,2022-10-01T09:37:53.382000Z,2022-10-01T10:01:56.167000Z,2022-10-01T10:01:56.597000Z,2022-10-01T10:01:56.543820Z,1443.0,CSWUVDXK,1276,9.0,99.0,English,31,Male,White,United States,United States,United States,English,No,Unemployed (and job seeking),
63380ab1ef0fc66a2701596f,57d0badf28d5250001bdd9d2,APPROVED,2022-10-01T09:39:16.050000Z,2022-10-01T09:57:27.216000Z,2022-10-01T09:57:27.633000Z,2022-10-01T09:57:27.570486Z,1092.0,CSWUVDXK,2160,4.0,100.0,English,30,Female,Other,United States,United States,United States,English,No,"Not in paid work (e.g. homemaker', 'retired or disabled)",
63380b3330bd0a183be1d061,6316cc3a5fbb98d30e5e15c3,APPROVED,2022-10-01T09:41:13.082000Z,2022-10-01T10:01:53.715000Z,2022-10-01T10:01:54.204000Z,2022-10-01T10:01:54.138456Z,1241.0,CSWUVDXK,88,0.0,100.0,English,62,Female,White,United States,United States,United States,English,No,Full-Time,
63380bb74e6a878aea68c349,627142805c1992313f79ec55,APPROVED,2022-10-01T09:43:23.783000Z,2022-10-01T10:01:26.582000Z,2022-10-01T10:01:27.009000Z,2022-10-01T10:01:26.945258Z,1083.0,CSWUVDXK,912,2.0,100.0,English,49,Male,Asian,Korea,United States,United States,English,No,Full-Time,
63380bc48a3bdda9505c5495,60367f78082e3dedb8238ea3,APPROVED,2022-10-01T09:43:37.713000Z,2022-10-01T10:09:01.670000Z,2022-10-01T10:09:02.083000Z,2022-10-01T10:09:02.021025Z,1524.0,CSWUVDXK,2427,13.0,99.0,English,76,Female,White,United States,United States,United States,English,No,Full-Time,
63380c03730802c7d9e7ee2e,5cd6c1197b871a0001b13589,APPROVED,2022-10-01T09:44:41.977000Z,2022-10-01T10:21:11.271000Z,2022-10-01T10:21:11.754000Z,2022-10-01T10:21:11.694635Z,2190.0,CSWUVDXK,3162,9.0,100.0,English,61,Female,White,United States,United States,United States,English,DATA_EXPIRED,DATA_EXPIRED,
63380df9563c6b1c365c54ae,5d29cc8869a747001acdb3c1,APPROVED,2022-10-01T09:53:00.842000Z,2022-10-01T10:17:08.083000Z,2022-10-01T10:17:08.483000Z,2022-10-01T10:17:08.418609Z,1448.0,CSWUVDXK,1408,6.0,99.0,English,43,Female,White,United States,United States,United States,English,No,Full-Time,
63380eddcddd334049ce27f0,62e0532289a4e5d9fedadde1,RETURNED,2022-10-01T09:56:47.602000Z,,,2025-09-03T08:57:02.210300Z,,,10357,,,CONSENT_REVOKED,CONSENT_REVOKED,CONSENT_REVOKED,CONSENT_REVOKED,CONSENT_REVOKED,CONSENT_REVOKED,CONSENT_REVOKED,CONSENT_REVOKED,CONSENT_REVOKED,CONSENT_REVOKED,Not Applicable
63380ef23bafba0d6cbe01db,60ffae39406f5e4035c8dea0,APPROVED,2022-10-01T09:57:43.958000Z,2022-10-01T10:51:33.690000Z,2022-10-01T10:51:34.083000Z,2022-10-01T10:51:34.022997Z,3230.0,CSWUVDXK,1999,8.0,99.0,English,34,Male,White,United States,United States,United States,English,Yes,Full-Time,
6338117cfe25ba6f9ebda308,5bc3fb6d21f69f00011d9ad2,RETURNED,2022-10-01T10:08:00.112000Z,,,2025-09-03T08:57:02.212101Z,,,2872,,,CONSENT_REVOKED,CONSENT_REVOKED,CONSENT_REVOKED,CONSENT_REVOKED,CONSENT_REVOKED,CONSENT_REVOKED,CONSENT_REVOKED,CONSENT_REVOKED,CONSENT_REVOKED,CONSENT_REVOKED,Not Applicable
633811c11d20a4db0f2cbfc6,5e6d8c46f93a0c35d1f82335,APPROVED,2022-10-01T10:09:14.811000Z,2022-10-01T10:33:50.325000Z,2022-10-01T10:33:50.736000Z,2022-10-01T10:33:50.672010Z,1476.0,CSWUVDXK,196,1.0,100.0,English,42,Male,White,United States,United States,United States,English,No,Full-Time,
633811c51459b4b9b33741fb,5dbd597b2d098c2ac14806b2,APPROVED,2022-10-01T10:09:15.782000Z,2022-10-01T10:22:10.645000Z,2022-10-01T10:22:11.190000Z,2022-10-01T10:22:10.949720Z,775.0,CSWUVDXK,1823,6.0,100.0,English,34,Male,White,United States,United States,United States,English,No,Full-Time,
633815f50f9ccb9b4d3449fd,62c97a70d02df972bdfc2718,APPROVED,2022-10-01T10:27:05.577000Z,2022-10-01T10:57:57.440000Z,2022-10-01T10:57:58.049000Z,2022-10-01T10:57:57.980942Z,1852.0,CSWUVDXK,536,0.0,100.0,English,61,Female,White,United States,United States,United States,English,No,Full-Time,
63381aaab4e9721989e1d07f,5fbc23920d22730b85393ead,APPROVED,2022-10-01T10:47:10.842000Z,2022-10-01T11:12:20.876000Z,2022-10-01T11:12:21.250000Z,2022-10-01T11:12:21.189114Z,1511.0,CSWUVDXK,552,1.0,100.0,"Indonesian, Malay, English",32,Female,Asian,United States,United States,United States,English,No,Due to start a new job within the next month,
63381c1f3d3e9f5a32e1d047,5f2042752276432e3a7ef104,APPROVED,2022-10-01T10:56:42.240000Z,2022-10-01T11:29:11.941000Z,2022-10-01T11:29:12.392000Z,2022-10-01T11:29:12.332978Z,1950.0,CSWUVDXK,2430,9.0,100.0,English,41,Female,White,United States,United States,United States,English,No,Full-Time,
63381e2be583e3e10d0a5161,5c3cf0e451c0920001fe604d,APPROVED,2022-10-01T11:02:07.056000Z,2022-10-01T11:23:12.779000Z,2022-10-01T11:23:13.287000Z,2022-10-01T11:23:13.225311Z,1266.0,CSWUVDXK,57,2.0,98.0,"English, French",33,Female,Black,United States,United States,United States,English,DATA_EXPIRED,DATA_EXPIRED,
63381ede0a3c98f3b23b81a2,62926289ad98fad2b2abf44f,APPROVED,2022-10-01T11:05:06.802000Z,2022-10-01T11:37:40.673000Z,2022-10-01T11:37:41.161000Z,2022-10-01T11:37:41.094136Z,1954.0,CSWUVDXK,528,4.0,99.0,English,62,Female,White,United States,United States,United States,English,Yes,Other,
63381fc464570a43dd62b6a9,5a78b8355292b800012284ca,RETURNED,2022-10-01T11:08:55.131000Z,,,2025-09-03T08:57:02.212873Z,,,5528,,,CONSENT_REVOKED,CONSENT_REVOKED,CONSENT_REVOKED,CONSENT_REVOKED,CONSENT_REVOKED,CONSENT_REVOKED,CONSENT_REVOKED,CONSENT_REVOKED,CONSENT_REVOKED,CONSENT_REVOKED,Not Applicable
63382086aadbf9a7b6ce2827,62b20c43bff1548f37f39746,APPROVED,2022-10-01T11:12:10.825000Z,2022-10-01T11:33:18.903000Z,2022-10-01T11:33:20.170000Z,2022-10-01T11:33:20.105066Z,1269.0,CSWUVDXK,624,0.0,100.0,English,39,Female,White,United States,United States,United States,English,No,Full-Time,
6338209061c507c44d5be851,60ff13037d2dde9da3f054e2,APPROVED,2022-10-01T11:12:18.954000Z,2022-10-01T11:36:32.047000Z,2022-10-01T11:36:32.571000Z,2022-10-01T11:36:32.504503Z,1454.0,CSWUVDXK,576,3.0,99.0,English,36,Male,White,United States,United States,United States,English,No,Full-Time,
633820ee92e5ef19e6213486,5484fd09fdf99b38dfb9645c,APPROVED,2022-10-01T11:13:53.893000Z,2022-10-01T11:31:28.027000Z,2022-10-01T11:31:28.441000Z,2022-10-01T11:31:28.377835Z,1055.0,CSWUVDXK,3648,21.0,99.0,English,34,Female,White,United States,United States,United States,English,No,Full-Time,
633821c09ff2c04aee2cbfb2,6336fecb0b27c43626068e01,APPROVED,2022-10-01T11:17:23.696000Z,2022-10-01T11:35:29.420000Z,2022-10-01T11:35:29.921000Z,2022-10-01T11:35:29.860235Z,1086.0,CSWUVDXK,10,0.0,100.0,English,47,Male,White,United States,United States,United States,English,No,Unemployed (and job seeking),
63382207a76ba273533b818e,5d59b01348766d0016949e6a,RETURNED,2022-10-01T11:18:34.210000Z,,,2025-09-03T08:57:02.229869Z,,,1903,,,CONSENT_REVOKED,CONSENT_REVOKED,CONSENT_REVOKED,CONSENT_REVOKED,CONSENT_REVOKED,CONSENT_REVOKED,CONSENT_REVOKED,CONSENT_REVOKED,CONSENT_REVOKED,CONSENT_REVOKED,Not Applicable
6338229723f75f6a2df71160,6153c8a5e9fa7e4a77a4baee,APPROVED,2022-10-01T11:20:58.313000Z,2022-10-01T11:48:43.065000Z,2022-10-01T11:48:43.483000Z,2022-10-01T11:48:43.417632Z,1665.0,CSWUVDXK,132,0.0,100.0,English,30,Female,White,United States,United States,United States,English,No,DATA_EXPIRED,
633823aaca55e8955122cca7,5cb882d33f0af9000159e00f,APPROVED,2022-10-01T11:25:35.302000Z,2022-10-01T11:55:26.288000Z,2022-10-01T11:55:26.886000Z,2022-10-01T11:55:26.824912Z,1791.0,CSWUVDXK,3919,21.0,98.0,English,60,Female,White,United States,United States,United States,English,No,Full-Time,
63382512e477d719c72134bf,611131e47725f6a04c723651,APPROVED,2022-10-01T11:31:33.618000Z,2022-10-01T12:02:24.527000Z,2022-10-01T12:02:25.022000Z,2022-10-01T12:02:24.936470Z,1851.0,CSWUVDXK,1146,0.0,100.0,"English, Spanish",27,Female,White,United States,United States,United States,English,No,"Not in paid work (e.g. homemaker', 'retired or disabled)",
63382635e3783642cbca7148,57c2f3ed0c656b00019c5988,RETURNED,2022-10-01T11:36:36.548000Z,,,2025-09-03T08:57:02.216112Z,,,1935,,,CONSENT_REVOKED,CONSENT_REVOKED,CONSENT_REVOKED,CONSENT_REVOKED,CONSENT_REVOKED,CONSENT_REVOKED,CONSENT_REVOKED,CONSENT_REVOKED,CONSENT_REVOKED,CONSENT_REVOKED,Not Applicable
63382830ec14b020f868c375,58a43e029a17120001d910d5,RETURNED,2022-10-01T11:44:56.194000Z,,,2025-09-03T08:57:02.217957Z,,,11696,,,CONSENT_REVOKED,CONSENT_REVOKED,CONSENT_REVOKED,CONSENT_REVOKED,CONSENT_REVOKED,CONSENT_REVOKED,CONSENT_REVOKED,CONSENT_REVOKED,CONSENT_REVOKED,CONSENT_REVOKED,Not Applicable
63382984ba77f8786ae1d088,581649f0b434f0000184d2a9,RETURNED,2022-10-01T11:50:28.015000Z,,,2025-09-03T08:57:02.218714Z,,,7742,,,CONSENT_REVOKED,CONSENT_REVOKED,CONSENT_REVOKED,CONSENT_REVOKED,CONSENT_REVOKED,CONSENT_REVOKED,CONSENT_REVOKED,CONSENT_REVOKED,CONSENT_REVOKED,CONSENT_REVOKED,Not Applicable
633829dba50187a7e58e8bb0,628678ca852c5ee97a800552,APPROVED,2022-10-01T11:51:59.485000Z,2022-10-01T12:19:36.889000Z,2022-10-01T12:19:37.309000Z,2022-10-01T12:19:37.245769Z,1658.0,CSWUVDXK,265,2.0,100.0,"English, French",37,Female,White,United States,United States,United States,English,No,Full-Time,
63382a86947d346089c7208f,62cb2599fe7c3e030e6d445b,APPROVED,2022-10-01T11:54:50.202000Z,2022-10-01T12:25:23.947000Z,2022-10-01T12:25:24.429000Z,2022-10-01T12:25:24.360096Z,1834.0,CSWUVDXK,500,2.0,100.0,English,57,Male,White,United States,United States,United States,English,No,Full-Time,
63382b03eac0c9e1b5f711a1,62f23491b09875ba7a19f615,APPROVED,2022-10-01T11:57:14.827000Z,2022-10-01T12:19:45.386000Z,2022-10-01T12:19:45.773000Z,2022-10-01T12:19:45.713410Z,1351.0,CSWUVDXK,98,0.0,100.0,"English, Twi",67,Male,Black,United States,United States,United States,English,DATA_EXPIRED,DATA_EXPIRED,
63382b1e660671ab7726a02a,5fb3cb99e76cea00085d02c6,RETURNED,2022-10-01T11:57:29.533000Z,,,2025-09-03T08:57:02.219806Z,,,3242,,,CONSENT_REVOKED,CONSENT_REVOKED,CONSENT_REVOKED,CONSENT_REVOKED,CONSENT_REVOKED,CONSENT_REVOKED,CONSENT_REVOKED,CONSENT_REVOKED,CONSENT_REVOKED,CONSENT_REVOKED,Not Applicable
63382c465fd7973a021661f5,62f15a6bb44b71fa2124f45a,APPROVED,2022-10-01T12:02:18.904000Z,2022-10-01T12:28:03.958000Z,2022-10-01T12:28:04.390000Z,2022-10-01T12:28:04.326331Z,1546.0,CSWUVDXK,164,0.0,100.0,English,64,Male,White,United States,United States,United States,English,No,Unemployed (and job seeking),
63382cbe64b8c845f0015939,6163d3ea0d13c617bb46c99b,APPROVED,2022-10-01T12:04:26.584000Z,2022-10-01T12:17:51.287000Z,2022-10-01T12:17:51.795000Z,2022-10-01T12:17:51.728401Z,805.0,CSWUVDXK,1595,1.0,100.0,English,42,Male,White,United States,United States,United States,English,No,Part-Time,
63382d37c011f2e20648c954,608bfa04767191aa4d57bfd8,RETURNED,2022-10-01T12:06:15.372000Z,,,2025-09-03T08:57:02.222236Z,,,12919,,,CONSENT_REVOKED,CONSENT_REVOKED,CONSENT_REVOKED,CONSENT_REVOKED,CONSENT_REVOKED,CONSENT_REVOKED,CONSENT_REVOKED,CONSENT_REVOKED,CONSENT_REVOKED,CONSENT_REVOKED,Not Applicable
63382d6ea80fb07cdf628627,63038cfdc7ebc9bf4ded0cd1,APPROVED,2022-10-01T12:07:22.574000Z,2022-10-01T12:45:50.419000Z,2022-10-01T12:45:51.038000Z,2022-10-01T12:45:50.957487Z,2308.0,CSWUVDXK,130,0.0,100.0,English,26,Female,White,United States,United States,United States,English,No,"Not in paid work (e.g. homemaker', 'retired or disabled)",
63382d8fc943e024abc45569,5f79bca83a2eb65c0983816d,APPROVED,2022-10-01T12:07:47.007000Z,2022-10-01T12:33:48.341000Z,2022-10-01T12:33:48.798000Z,2022-10-01T12:33:48.739324Z,1562.0,CSWUVDXK,1995,5.0,100.0,English,33,Male,White,United States,United States,United States,English,No,Unemployed (and job seeking),
63382f4ea15cbcc5a21661b2,62bf574c37ff03eb047748ec,APPROVED,2022-10-01T12:15:18.594000Z,2022-10-01T12:44:06.630000Z,2022-10-01T12:44:07.070000Z,2022-10-01T12:44:07.003915Z,1729.0,CSWUVDXK,324,2.0,100.0,English,30,Male,Black,Ghana,United States,United States,English,Yes,Full-Time,
63382f64b02b46648c3b8183,6134d8a566bc3dffe880e879,APPROVED,2022-10-01T12:15:35.867000Z,2022-10-01T12:39:34.558000Z,2022-10-01T12:39:34.995000Z,2022-10-01T12:39:34.933414Z,1439.0,CSWUVDXK,2641,13.0,99.0,English,42,Female,White,United States,United States,United States,English,No,Full-Time,
63382fbccb96c1f9018e8b8e,614ead1e38ca4b390b860c23,APPROVED,2022-10-01T12:20:13.105000Z,2022-10-01T12:53:09.256000Z,2022-10-01T12:53:09.711000Z,2022-10-01T12:53:09.648687Z,1977.0,CSWUVDXK,2081,3.0,100.0,English,57,Male,White,United States,United States,United States,English,No,"Not in paid work (e.g. homemaker', 'retired or disabled)",
6338305d03ea30d3424a651d,59d6b8f103203500011ace12,APPROVED,2022-10-01T12:19:44.797000Z,2022-10-01T12:38:12.120000Z,2022-10-01T12:38:12.587000Z,2022-10-01T12:38:12.521974Z,1108.0,CSWUVDXK,2734,4.0,100.0,English,58,Female,White,United States,United States,United States,English,No,Full-Time,
63383088cd39f3b5375be823,5edd7f96ca05b8a8b4eebeb4,APPROVED,2022-10-01T12:20:30.311000Z,2022-10-01T12:53:39.397000Z,2022-10-01T12:53:39.888000Z,2022-10-01T12:53:39.825131Z,1990.0,CSWUVDXK,1015,2.0,100.0,"English, Spanish",39,Male,White,United States,United States,United States,English,No,Full-Time,
6338310e1445f4d9717e8d9e,60d6befca58e40d0c63bba9f,RETURNED,2022-10-01T12:23:05.885000Z,,,2025-09-03T08:57:02.223247Z,,,1387,,,CONSENT_REVOKED,CONSENT_REVOKED,CONSENT_REVOKED,CONSENT_REVOKED,CONSENT_REVOKED,CONSENT_REVOKED,CONSENT_REVOKED,CONSENT_REVOKED,CONSENT_REVOKED,CONSENT_REVOKED,Not Applicable
633831af053ff394e53d1146,62c9a554d9a4f8108d34e679,APPROVED,2022-10-01T12:25:24.063000Z,2022-10-01T12:47:49.367000Z,2022-10-01T12:47:49.773000Z,2022-10-01T12:47:49.708105Z,1346.0,CSWUVDXK,81,0.0,100.0,English,33,Male,White,United States,United States,United States,English,No,Unemployed (and job seeking),
6338324c92661ea16abda339,5e07a0898dffa00ff1aaf60f,APPROVED,2022-10-01T12:28:06.582000Z,2022-10-01T12:49:45.279000Z,2022-10-01T12:49:45.674000Z,2022-10-01T12:49:45.613661Z,1299.0,CSWUVDXK,2421,19.0,98.0,English,53,Female,White,United States,United States,United States,English,No,Full-Time,
633832b897c7a6451426a00a,559e6830fdf99b4f0b98514a,RETURNED,2022-10-01T12:29:48.451000Z,,,2025-09-03T08:57:02.223577Z,,,9156,,,CONSENT_REVOKED,CONSENT_REVOKED,CONSENT_REVOKED,CONSENT_REVOKED,CONSENT_REVOKED,CONSENT_REVOKED,CONSENT_REVOKED,CONSENT_REVOKED,CONSENT_REVOKED,CONSENT_REVOKED,Not Applicable
63383336ea7641ade80a3cde,6337cba5cbed8cb3514a6504,TIMED-OUT,2022-10-01T12:31:53.900000Z,,,2025-09-03T08:57:02.225500Z,92262309.0,,1393,,,"English, Korean",37,Male,Asian,United States,United States,United States,English,DATA_EXPIRED,DATA_EXPIRED,Not Applicable
633833708be21adc0c21347d,60fde74940100db428b34a06,APPROVED,2022-10-01T12:32:52.540000Z,2022-10-01T12:49:46.637000Z,2022-10-01T12:49:47.044000Z,2022-10-01T12:49:46.981907Z,1015.0,CSWUVDXK,1553,5.0,100.0,English,59,Female,White,United Kingdom,United States,United States,English,No,Full-Time,
633833c8dc8110ecb56b1e3a,5a5bff49acc75b00017a6009,APPROVED,2022-10-01T12:34:47.441000Z,2022-10-01T13:20:05.452000Z,2022-10-01T13:20:05.929000Z,2022-10-01T13:20:05.868450Z,2719.0,CSWUVDXK,1006,2.0,100.0,"English, Spanish",37,Male,White,United States,United States,United States,English,DATA_EXPIRED,DATA_EXPIRED,
63383560b5f83a7bbb6ffcd8,5dac4dad5e53cc001499f1f6,APPROVED,2022-10-01T12:41:09.605000Z,2022-10-01T13:03:56.314000Z,2022-10-01T13:03:56.787000Z,2022-10-01T13:03:56.721822Z,1367.0,CSWUVDXK,1970,31.0,95.0,English,32,Male,White,United States,United States,United States,English,No,Unemployed (and job seeking),
633835626e32277b090a3d1c,5ed543442db0060a955d12e1,RETURNED,2022-10-01T12:41:09.847000Z,,,2025-09-03T08:57:02.270289Z,,,6733,,,CONSENT_REVOKED,CONSENT_REVOKED,CONSENT_REVOKED,CONSENT_REVOKED,CONSENT_REVOKED,CONSENT_REVOKED,CONSENT_REVOKED,CONSENT_REVOKED,CONSENT_REVOKED,CONSENT_REVOKED,Not Applicable
633836045dde273fc2651c8d,583f12f545073d0001fac52d,RETURNED,2022-10-01T12:43:53.452000Z,,,2025-09-03T08:57:02.229507Z,,,8820,,,CONSENT_REVOKED,CONSENT_REVOKED,CONSENT_REVOKED,CONSENT_REVOKED,CONSENT_REVOKED,CONSENT_REVOKED,CONSENT_REVOKED,CONSENT_REVOKED,CONSENT_REVOKED,CONSENT_REVOKED,Not Applicable
633836c80619a9edf73b8174,5dd55746f3b7c2503ad3eb7e,APPROVED,2022-10-01T12:47:08.358000Z,2022-10-01T13:12:09.825000Z,2022-10-01T13:12:10.236000Z,2022-10-01T13:12:10.172836Z,1502.0,CSWUVDXK,991,11.0,97.0,English,54,Female,White,United States,United States,United States,English,No,Full-Time,
633837441be7125233628606,559cb12dfdf99b4989fb18ed,RETURNED,2022-10-01T12:49:12.350000Z,,,2025-09-03T08:57:02.233653Z,,,7389,,,CONSENT_REVOKED,CONSENT_REVOKED,CONSENT_REVOKED,CONSENT_REVOKED,CONSENT_REVOKED,CONSENT_REVOKED,CONSENT_REVOKED,CONSENT_REVOKED,CONSENT_REVOKED,CONSENT_REVOKED,Not Applicable
6338382baea985d1f9be01b0,632a431da6f161fcb809ed01,TIMED-OUT,2022-10-01T12:53:03.232000Z,,,2025-09-03T08:57:02.234392Z,92261040.0,,7916,,,English,55,Male,White,United States,United States,United States,English,Yes,Full-Time,Not Applicable
63383856d89c5423550a513c,5e74ff093115e00576f0187c,APPROVED,2022-10-01T12:53:46.975000Z,2022-10-01T13:25:19.637000Z,2022-10-01T13:25:20.080000Z,2022-10-01T13:25:20.012201Z,1893.0,CSWUVDXK,1037,3.0,100.0,English,34,Male,White,United States,United States,United States,English,No,Full-Time,
633838bf2acc60c3d03d1196,6100beb515edd7768f6d5869,APPROVED,2022-10-01T12:55:29.943000Z,2022-10-01T13:17:16.789000Z,2022-10-01T13:17:17.254000Z,2022-10-01T13:17:17.188115Z,1307.0,CSWUVDXK,354,1.0,100.0,English,37,Female,White,United States,United States,United States,English,No,Full-Time,
633838ddb5f83a7bbb6ffd1f,5fce766c6304ad09d04a6689,APPROVED,2022-10-01T12:55:59.240000Z,2022-10-01T13:20:25.053000Z,2022-10-01T13:20:25.495000Z,2022-10-01T13:20:25.426123Z,1466.0,CSWUVDXK,307,0.0,100.0,English,36,Female,White,United States,United States,United States,English,No,DATA_EXPIRED,
633839b3863b2062f77e3697,62bd1d1283b326cde10cf27a,APPROVED,2022-10-01T12:59:36.344000Z,2022-10-01T13:21:35.698000Z,2022-10-01T13:21:36.170000Z,2022-10-01T13:21:36.103240Z,1320.0,CSWUVDXK,542,0.0,100.0,English,60,Male,White,United States,United States,United States,English,No,Full-Time,
63383b378c91bd6e206b1ddd,6313b174ea51a256bfe6099f,RETURNED,2022-10-01T13:06:01.840000Z,,,2025-09-03T08:57:02.236656Z,,,6072,,,CONSENT_REVOKED,CONSENT_REVOKED,CONSENT_REVOKED,CONSENT_REVOKED,CONSENT_REVOKED,CONSENT_REVOKED,CONSENT_REVOKED,CONSENT_REVOKED,CONSENT_REVOKED,CONSENT_REVOKED,Not Applicable
63383bd76df481d142c410fe,5995be89f9db7d0001895993,APPROVED,2022-10-01T13:08:44.855000Z,2022-10-01T13:41:33.775000Z,2022-10-01T13:41:34.134000Z,2022-10-01T13:41:34.074932Z,1969.0,CSWUVDXK,4016,5.0,100.0,English,64,Female,White,United States,United States,United States,English,No,Full-Time,
63383bdb1b635d7cbb166222,5f4a4da1575d605c43bef871,RETURNED,2022-10-01T13:12:41.065000Z,,,2025-09-03T08:57:02.257281Z,,,5664,,,CONSENT_REVOKED,CONSENT_REVOKED,CONSENT_REVOKED,CONSENT_REVOKED,CONSENT_REVOKED,CONSENT_REVOKED,CONSENT_REVOKED,CONSENT_REVOKED,CONSENT_REVOKED,CONSENT_REVOKED,Not Applicable
63383c29863b2062f77e36ba,62d318d647553bdd78a24655,APPROVED,2022-10-01T13:10:42.396000Z,2022-10-01T13:30:24.652000Z,2022-10-01T13:30:25.047000Z,2022-10-01T13:30:24.984406Z,1183.0,CSWUVDXK,176,1.0,100.0,"English, Twi",37,Male,Black,Ghana,United States,United States,English,Yes,Full-Time,
63383c933c7ff5080e3b817f,60bb4ce0772c798d3242a78a,APPROVED,2022-10-01T13:14:29.179000Z,2022-10-01T14:11:24.133000Z,2022-10-01T14:11:24.584000Z,2022-10-01T14:11:24.519715Z,3415.0,CSWUVDXK,627,2.0,100.0,English,40,Male,White,United States,United States,United States,English,DATA_EXPIRED,DATA_EXPIRED,
63383cad7ed4a39d06e7ee06,607a7c3112ff1d9371319ed6,APPROVED,2022-10-01T13:12:27.666000Z,2022-10-01T13:43:34.736000Z,2022-10-01T13:43:35.221000Z,2022-10-01T13:43:35.147745Z,1868.0,CSWUVDXK,678,5.0,99.0,English,38,Male,White,United States,United States,United States,English,DATA_EXPIRED,DATA_EXPIRED,
63383d15f59192d12d1b91cc,5ba16cc388ec69000112a59b,APPROVED,2022-10-01T13:14:00.966000Z,2022-10-01T13:37:18.416000Z,2022-10-01T13:37:18.824000Z,2022-10-01T13:37:18.754504Z,1398.0,CSWUVDXK,259,0.0,100.0,English,29,Female,White,United States,United States,United States,English,No,DATA_EXPIRED,
63383d88780f89218d5c549f,6298fbc8e35ae6800ccb3128,APPROVED,2022-10-01T13:16:23.975000Z,2022-10-01T13:47:14.266000Z,2022-10-01T13:47:14.751000Z,2022-10-01T13:47:14.678631Z,1851.0,CSWUVDXK,739,0.0,100.0,English,DATA_EXPIRED,Female,White,United States,United States,United States,English,No,Full-Time,
63383dd409a3b30bc926a04e,60fd59c17cfaeda9845ab8b1,APPROVED,2022-10-01T13:17:11.471000Z,2022-10-01T13:38:58.102000Z,2022-10-01T13:38:58.527000Z,2022-10-01T13:38:58.466691Z,1307.0,CSWUVDXK,310,0.0,100.0,English,32,Female,White,United States,United States,United States,English,No,Full-Time,
63383e32826c4639b084db52,60ff1fe6edf4aebfaf7b4978,APPROVED,2022-10-01T13:18:46.473000Z,2022-10-01T13:29:10.113000Z,2022-10-01T13:29:10.520000Z,2022-10-01T13:29:10.456724Z,624.0,CSWUVDXK,204,4.0,96.0,English,29,Female,White,United States,United States,United States,English,No,Full-Time,
63383e3fa395115707e1d0a3,60b348a8332d26d4b88be6a1,APPROVED,2022-10-01T13:19:00.737000Z,2022-10-01T13:49:08.824000Z,2022-10-01T13:49:09.292000Z,2022-10-01T13:49:09.219672Z,1809.0,CSWUVDXK,531,9.0,95.0,English,40,Male,White,United States,United States,United States,English,DATA_EXPIRED,DATA_EXPIRED,
63383e6c04fe988186c11980,5e876872ca754f08ceb52e9e,APPROVED,2022-10-01T13:19:44.554000Z,2022-10-01T13:30:51.099000Z,2022-10-01T13:30:51.588000Z,2022-10-01T13:30:51.522883Z,667.0,CSWUVDXK,2489,4.0,100.0,English,38,Female,Mixed,United States,United States,United States,English,No,Full-Time,
63383e97d8f0f2c6e6e1d035,5ce973ea6c890100012ea2ae,APPROVED,2022-10-01T13:20:27.249000Z,2022-10-01T14:07:56.035000Z,2022-10-01T14:07:56.488000Z,2022-10-01T14:07:56.406515Z,2849.0,CSWUVDXK,613,0.0,100.0,English,35,Female,White,United States,United States,United States,English,No,Full-Time,
63383e9a7ee5235b55651c8a,60c381c26357c51532f1b378,APPROVED,2022-10-01T13:20:28.660000Z,2022-10-01T13:37:50.216000Z,2022-10-01T13:37:50.667000Z,2022-10-01T13:37:50.596585Z,1042.0,CSWUVDXK,465,4.0,99.0,English,21,Female,Mixed,United States,United States,United States,English,No,Unemployed (and job seeking),
63383facb1b17843042134c1,5cdb3e9caa4e2a00019a16bc,APPROVED,2022-10-01T13:25:08.769000Z,2022-10-01T14:19:54.303000Z,2022-10-01T14:19:54.736000Z,2022-10-01T14:19:54.673150Z,3286.0,CSWUVDXK,604,1.0,100.0,English,50,Male,Black,United States,United States,United States,English,No,Unemployed (and job seeking),
63383ff0766fc00255b354ae,5f496b791798ec4d6340620d,APPROVED,2022-10-01T13:26:53.451000Z,2022-10-01T13:36:37.085000Z,2022-10-01T13:36:37.555000Z,2022-10-01T13:36:37.495870Z,584.0,CSWUVDXK,2014,18.0,98.0,English,33,Male,White,United States,United States,United States,English,No,DATA_EXPIRED,
6338404ed6c155ec5d651cd2,57ce74a271536c00015f12ed,APPROVED,2022-10-01T13:27:44.972000Z,2022-10-01T13:44:07.169000Z,2022-10-01T13:44:07.657000Z,2022-10-01T13:44:07.589427Z,983.0,CSWUVDXK,1864,5.0,100.0,English,27,Female,White,United States,United States,United States,English,No,Unemployed (and job seeking),
63384067f141adcee03b81c6,60ace56a83e45642b22d9954,APPROVED,2022-10-01T13:28:10.282000Z,2022-10-01T13:53:04.577000Z,2022-10-01T13:53:05.042000Z,2022-10-01T13:53:04.977615Z,1495.0,CSWUVDXK,806,1.0,100.0,English,33,Female,White,United States,United States,United States,English,No,Full-Time,
63384147e36c6f927fe7edff,60f43c3a0fd9723feba1af38,APPROVED,2022-10-01T13:32:22.714000Z,2022-10-01T14:16:58.856000Z,2022-10-01T14:16:59.410000Z,2022-10-01T14:16:59.339900Z,2677.0,CSWUVDXK,2402,6.0,100.0,"French, English",51,Male,White,France,United States,United States,English,No,DATA_EXPIRED,
633841d63cb448194e01594d,631b20fe907d287dc6c1ea1e,RETURNED,2022-10-01T13:34:17.840000Z,,,2025-09-03T08:57:02.240719Z,,,2265,,,CONSENT_REVOKED,CONSENT_REVOKED,CONSENT_REVOKED,CONSENT_REVOKED,CONSENT_REVOKED,CONSENT_REVOKED,CONSENT_REVOKED,CONSENT_REVOKED,CONSENT_REVOKED,CONSENT_REVOKED,Not Applicable
633841f171bc4c52720a3cef,5f1338a87447d0308e865fd0,APPROVED,2022-10-01T13:39:47.965000Z,2022-10-01T14:01:49.157000Z,2022-10-01T14:01:49.625000Z,2022-10-01T14:01:49.557438Z,1322.0,CSWUVDXK,1415,9.0,99.0,"Esperanto, English",20,Prefer not to say,Mixed,United States,United States,United States,English,Yes,Part-Time,
633841fc860de55b78ca7147,6037be2fdb9042087f4af9b5,APPROVED,2022-10-01T13:35:00.054000Z,2022-10-01T13:47:38.688000Z,2022-10-01T13:47:39.222000Z,2022-10-01T13:47:39.157052Z,759.0,CSWUVDXK,323,0.0,100.0,English,31,Female,White,United States,United States,United States,English,DATA_EXPIRED,DATA_EXPIRED,
6338423f383c7ed9ce6285f7,62c41fe598ab94de4d4f021e,APPROVED,2022-10-01T13:36:08.219000Z,2022-10-01T13:56:12.403000Z,2022-10-01T13:56:12.886000Z,2022-10-01T13:56:12.820009Z,1205.0,CSWUVDXK,289,2.0,100.0,"English, Twi",26,Male,Black,DATA_EXPIRED,United States,United States,English,Yes,DATA_EXPIRED,
63384277d146e1c85fc45597,595b93be7882150001240e21,APPROVED,2022-10-01T13:37:00.329000Z,2022-10-01T13:55:53.272000Z,2022-10-01T13:55:53.785000Z,2022-10-01T13:55:53.725572Z,1133.0,CSWUVDXK,1636,0.0,100.0,English,64,Male,White,United States,United States,United States,English,DATA_EXPIRED,DATA_EXPIRED,
633844ca86a835f0e5213472,62d6c2cd1416387d1e7d691a,TIMED-OUT,2022-10-01T13:47:06.860000Z,,,2025-09-03T08:57:02.245890Z,92257796.0,,383,,,DATA_EXPIRED,DATA_EXPIRED,DATA_EXPIRED,DATA_EXPIRED,DATA_EXPIRED,DATA_EXPIRED,DATA_EXPIRED,DATA_EXPIRED,DATA_EXPIRED,DATA_EXPIRED,Not Applicable
63384586075a83cfd57a4d5e,61647caff869db29c54fde2b,APPROVED,2022-10-01T13:50:01.402000Z,2022-10-01T14:06:36.413000Z,2022-10-01T14:06:36.913000Z,2022-10-01T14:06:36.849272Z,996.0,CSWUVDXK,166,2.0,99.0,English,23,Female,White,United States,United States,United States,English,No,Part-Time,
63384b73c128543253344a46,602454a47d0d7d121a1e444b,RETURNED,2022-10-01T14:25:15.937000Z,,,2025-09-03T08:57:02.241865Z,,,2316,,,CONSENT_REVOKED,CONSENT_REVOKED,CONSENT_REVOKED,CONSENT_REVOKED,CONSENT_REVOKED,CONSENT_REVOKED,CONSENT_REVOKED,CONSENT_REVOKED,CONSENT_REVOKED,CONSENT_REVOKED,Not Applicable
63384bbb1636eb8ff7374229,5a6f1ccade1f390001dbd8b7,APPROVED,2022-10-01T14:16:32.004000Z,2022-10-01T14:35:15.660000Z,2022-10-01T14:35:16.195000Z,2022-10-01T14:35:16.136875Z,1124.0,CSWUVDXK,3005,3.0,100.0,English,39,Male,White,United States,United States,United States,English,No,Full-Time,
633856153e79425f36f71159,6119d21fe73ebd5e62616b0f,APPROVED,2022-10-01T15:04:01.007000Z,2022-10-01T15:32:53.589000Z,2022-10-01T15:32:54.166000Z,2022-10-01T15:32:54.104439Z,1733.0,CSWUVDXK,34,0.0,100.0,"English, Spanish",20,Female,White,Cuba,United States,Cuba,English,Yes,Unemployed (and job seeking),
